RealID;Mean;Var
1;18437.530100439384;1343159.7743970947
2;18285.36277987151;1068495.438724446
3;18311.260992546944;1180019.3619331457
4;18534.955181006;1374141.0420800445
5;18460.53213534363;1358062.2182641136
6;18448.980381115052;1338677.6430494222
7;18446.266843267564;1308429.173619729
8;18387.131238562;1277206.4316155352
9;18460.90468230763;1316477.239546781
10;18417.919207528867;1267530.8886194187
11;18393.642763720476;1261009.416783168
12;18398.333751416718;1266126.84763928
13;18427.216787250127;1252743.110388964
14;18324.83898801553;1378661.6496615256
15;18336.06862200863;1363939.9826957164
16;18393.35464586098;1402166.2127349277
17;18352.40254476438;1412679.35951512
18;18378.87675353836;1428414.3456263747
19;18364.017804248157;1428752.846501796
20;18346.662300900836;1408334.1318983184
21;18373.304252419126;1413748.6090462147
22;18376.569278710012;1408345.6754979577
23;18385.14705092657;1409880.9352285697
24;18410.544451912945;1433737.8994379293
25;18419.481375010255;1423602.613361931
26;18446.68920068003;1438246.95159961
27;18454.62699305555;1428742.4211405313
28;18479.887060399367;1444954.6571296596
29;18471.72797135086;1422840.5032793628
30;18472.615409156286;1395168.1462733469
31;18468.670928963023;1395443.1887376232
32;18424.253376726043;1448189.1140055405
33;18432.09632157605;1440719.0802147256
34;18464.393928210568;1484949.6913980076
35;18492.599764707724;1505078.5943171573
36;18504.435405287568;1503618.068597856
37;18477.559561032198;1501352.3577729606
38;18492.320508443972;1482217.1605426406
39;18497.11726231771;1491903.772738015
40;18520.165606121544;1516995.6409161082
41;18517.849922672165;1501231.448376208
42;18527.095895142236;1496803.2214219053
43;18510.19305152532;1505336.3141545213
44;18510.795954835583;1498732.7710682962
45;18488.986514643177;1501574.0041447496
46;18485.56202003634;1481322.9512295376
47;18471.836570776493;1483645.3323644286
48;18463.040924118985;1476765.815467065
49;18469.221222759024;1474408.3745307347
50;18491.33378573095;1499835.0087806643
51;18487.681006601844;1493263.498475831
52;18482.95069681082;1475914.645002499
53;18484.63306447661;1470421.3719299284
54;18505.106435530895;1493807.5172462682
55;18497.139333176965;1493991.921150876
56;18488.146613446796;1489543.9278604146
57;18502.487819394646;1497812.0474513015
58;18514.28581004104;1503715.3307887078
59;18501.706306305132;1509616.7323334254
60;18502.29055460907;1500598.7113746097
61;18496.161130719818;1488660.975155211
62;18483.683508276066;1483437.7025106687
63;18489.706863204934;1475878.2500698324
64;18484.020770139134;1474069.1549318884
65;18494.16001226779;1480148.2576006835
66;18503.138412722717;1471142.9155828112
67;18494.573806655328;1460966.50773711
68;18497.29721642071;1461398.3165852376
69;18486.6781560394;1461039.4493502688
70;18487.57362652438;1451599.4363731192
71;18501.479688512998;1464749.3200948515
72;18512.65665519283;1469356.161609692
73;18518.548617321925;1463114.5843701223
74;18499.61590944479;1487728.2427224955
75;18485.85334582115;1496611.1603689764
76;18485.10216624936;1488868.7323627386
77;18474.04357134718;1493945.2342096919
78;18467.77966153588;1494230.6530364882
79;18475.714685682935;1495899.3232373581
80;18489.58935162095;1510726.9462867635
81;18500.579098700608;1511971.1367347643
82;18505.492150716007;1514382.3366968918
83;18491.481090826066;1525138.6643810028
84;18502.926994645397;1535227.884991257
85;18507.347267652927;1527943.7019731933
86;18509.316682872122;1524436.9858938074
87;18510.285917211575;1521859.6373564014
88;18516.85456548866;1528578.6960346226
89;18506.59012852964;1535515.0102629794
90;18498.91890896307;1531064.5655178702
91;18506.260225334216;1531128.741387504
92;18506.954081478412;1520245.0708233225
93;18525.76735554588;1552138.2534632494
94;18533.48565237949;1555377.5379676202
95;18529.4943910315;1557115.603436875
96;18528.86685011305;1551328.0464569137
97;18541.28718951345;1568849.6253046433
98;18535.966260843194;1566955.9175601287
99;18539.582679412306;1564474.988994193
100;18532.142456458078;1561275.9547589496
101;18533.334080517216;1556164.735582381
102;18537.15803557436;1554913.9062167567
103;18537.6460706807;1554913.5576735912
104;18544.786655738175;1560966.5461328444
105;18548.658391522782;1559116.548208578
106;18540.5353959504;1554652.6784753664
107;18542.375596365528;1552445.9969423849
108;18538.456286022367;1548689.1541344922
109;18541.308447649288;1551447.849875611
110;18549.648451473295;1559849.6123084566
111;18557.22610377388;1563596.3998436495
112;18553.975188395758;1564646.1169244065
113;18549.43295558989;1559589.066377098
114;18545.845203362507;1560009.5750873412
115;18547.56528114832;1558088.4733115914
116;18539.800567249764;1564840.80628666
117;18550.845228482754;1577955.267258489
118;18551.92341159706;1578247.4714342512
119;18542.456983994765;1580732.9555835729
120;18540.999998652303;1580586.6497608083
121;18543.203697688383;1580652.80217394
122;18551.701081210416;1587753.0496986532
123;18548.552676183743;1585856.4758696866
124;18545.25889428557;1581838.1158158502
125;18538.146452339537;1589768.5147915592
126;18536.614188070063;1586768.223312478
127;18541.253273054394;1590480.54947067
128;18541.223917932173;1584268.9107018001
129;18542.17714164915;1584084.9032098756
130;18536.084620373036;1587390.2213631724
131;18535.585696724906;1578759.0874074786
132;18533.26296883894;1571365.6341933988
133;18538.55020548678;1572982.6707026127
134;18541.761536476457;1573953.8044189024
135;18547.833775290364;1573398.8356733583
136;18545.464019155268;1570945.301137326
137;18549.53256261002;1570630.5209841954
138;18553.210034929034;1565941.573383166
139;18554.468924161065;1557659.34112235
140;18552.32951632316;1554038.6318387794
141;18553.816964480917;1554923.1007094858
142;18553.12826858242;1551519.1741947585
143;18558.14400056517;1555919.7308092734
144;18562.831097675527;1557766.6258149876
145;18565.809198924224;1556518.857973654
146;18568.33502094828;1554679.1544482745
147;18567.566152973464;1551730.6629628546
148;18566.47725276986;1546937.5105641105
149;18571.52589743103;1546804.2597961102
150;18572.92655891189;1545216.2340356717
151;18567.725518894735;1546386.2351051772
152;18564.68935209596;1541712.7402725562
153;18573.11259626148;1551858.9409877348
154;18578.012710975872;1551155.4683120847
155;18582.668764093;1554154.8050947136
156;18585.254300472596;1551286.9365488407
157;18588.02894529104;1546689.7668071024
158;18584.002411949295;1547715.4577924176
159;18590.202437792952;1554181.8583907424
160;18587.091201142084;1554342.9771123542
161;18579.29215724587;1563621.3469710588
162;18575.155321417322;1561474.458307778
163;18570.260999070746;1559978.5229005977
164;18569.295027056916;1554156.8411690048
165;18575.115915661754;1557578.4575634392
166;18581.205144717445;1562866.4958001703
167;18576.462941492147;1563993.6951376568
168;18579.020381652947;1566089.4224934462
169;18574.503211711664;1566720.3950208412
170;18573.909666424526;1564517.6761988152
171;18574.332710596158;1558889.2095280471
172;18572.85319778713;1559625.6731680108
173;18573.981676646534;1558572.0092064203
174;18566.843453099656;1561478.497325377
175;18570.619522393612;1562372.678149968
176;18568.410154456302;1560266.9587358653
177;18569.726051885395;1554848.3561385963
178;18571.582719071594;1553775.7566797235
179;18568.7405362143;1554454.6244462277
180;18560.806826812193;1562406.8360133911
181;18563.152799162428;1561622.846769202
182;18568.481096177213;1567239.9164411388
183;18573.00968466153;1568182.1355015454
184;18573.45353008012;1567796.6867709463
185;18567.956082852706;1572251.0062803791
186;18558.322692687063;1583160.527318418
187;18565.065098650568;1590324.954638121
188;18562.256295362444;1589049.786263875
189;18565.945772933064;1589651.254639175
190;18560.225763708375;1589222.7526466197
191;18565.667813436157;1590367.6136044953
192;18565.986895695707;1589531.930290441
193;18567.13528156697;1585660.6874826574
194;18561.75308033839;1584323.1904037872
195;18558.63656166741;1585526.4114047424
196;18558.11935414328;1581486.0403977863
197;18565.515685618662;1589105.2089357274
198;18564.71106185784;1586609.4418683778
199;18562.89898733793;1584916.172237004
200;18560.69920596556;1582637.897701996
201;18560.414508444028;1577567.7023737722
202;18561.09262741754;1575620.8619066305
203;18563.4855039899;1572467.7232081005
204;18565.110336383314;1572293.9467520863
205;18560.712498418812;1573074.1503946008
206;18558.547094728216;1572031.1175510443
207;18558.561414068947;1570838.5893986728
208;18555.45519056786;1570848.772705968
209;18553.08887238611;1566063.780034571
210;18555.592870547425;1567141.1451600913
211;18557.186878955414;1567411.7773555794
212;18557.142151171807;1562946.2752937474
213;18555.444241365494;1559404.310590423
214;18552.932503719156;1558325.856030408
215;18557.501146348317;1561865.7280440396
216;18553.916743770693;1561888.161167148
217;18557.43087237703;1562870.445225985
218;18556.586461580402;1561367.7261094097
219;18551.71154882786;1562674.6617496088
220;18548.173183094692;1563196.6625875758
221;18549.873286393293;1561648.5458014049
222;18552.045369686286;1560708.8791549457
223;18555.07136730634;1559802.8715211751
224;18553.56981033642;1558032.2360794935
225;18554.14031458436;1557638.4277647184
226;18550.709493530056;1555969.1780830938
227;18551.481087061547;1553750.064338275
228;18548.941603079576;1551887.5229494555
229;18547.473867116285;1548893.2168418476
230;18542.514982444416;1550231.4390370038
231;18545.448682174676;1550935.7843852122
232;18546.87263379267;1551350.8891193834
233;18548.73460162458;1551123.154451415
234;18546.693718575054;1549255.4551819223
235;18547.851758013112;1549134.2770249478
236;18547.875160416825;1546383.3661060794
237;18545.625260986257;1543937.5042558636
238;18542.9161669892;1543563.770589725
239;18540.70990311764;1542273.7585152898
240;18542.60328481786;1541539.4441673378
241;18544.241652418794;1541649.07204609
242;18543.53692203019;1538318.149341034
243;18537.995898681886;1542772.2878971302
244;18534.39187845575;1542350.6855318553
245;18535.955526161804;1540474.1360097504
246;18534.112578186945;1542148.545725486
247;18531.63194190012;1543793.6028248356
248;18529.05917377268;1539950.2172578804
249;18534.272563057202;1544796.230303839
250;18535.565290859486;1545841.3452660574
251;18532.303250295936;1545558.2736273557
252;18527.17953300498;1551854.858287517
253;18531.71693537889;1555958.5358353823
254;18533.14181456714;1556188.2414182317
255;18531.86260492004;1554755.0282293474
256;18537.776239563103;1563201.4019816169
257;18539.672115090278;1562476.0871675343
258;18542.905058902234;1564003.4847098729
259;18545.58304270699;1565781.0303653418
260;18542.832908926728;1564948.629497228
261;18545.091245531792;1563901.6534663916
262;18545.24482847094;1561375.1564589925
263;18545.99792722463;1560893.2462102647
264;18545.658217256794;1559285.7168785215
265;18547.4506853629;1557979.3250622074
266;18543.25986095095;1557913.920618793
267;18540.74665053257;1557839.6042578598
268;18544.042108939877;1560612.5899543979
269;18541.316533368994;1560433.094862806
270;18541.819333581152;1559345.4277658658
271;18539.944257054023;1558547.311467481
272;18541.088351974824;1555956.1583028066
273;18536.376326341586;1559589.1476709747
274;18535.17572029934;1559363.4161379808
275;18539.49920446431;1564664.0957121137
276;18536.17564446393;1562161.892138519
277;18537.40274117867;1562042.9652998692
278;18538.20584506631;1560002.2290635773
279;18540.742059364868;1561534.3725133429
280;18536.893973875172;1562762.7816397306
281;18535.741713355445;1560587.0371963147
282;18536.476054483992;1560285.9974295564
283;18535.801372743757;1556601.7794428677
284;18534.438872299594;1555026.3793389967
285;18538.111157255265;1556600.5184085397
286;18533.242159552246;1560104.800976601
287;18533.27148982517;1559819.1676599234
288;18532.880440503857;1559543.795401962
289;18528.799873398246;1561766.3653872765
290;18528.40800362556;1562133.7775738002
291;18525.795860999267;1562768.8688221816
292;18527.07186557187;1560718.4082359055
293;18525.621921905928;1558590.3533677515
294;18526.72539231616;1556991.04309353
295;18528.490980368097;1556278.9297499275
296;18527.679510601076;1555631.7483252503
297;18531.488791249525;1560240.7405575488
298;18532.248788565896;1561621.951351699
299;18531.599497321866;1559467.138970811
300;18532.71875907883;1557969.7375266964
301;18531.474298533205;1554269.0564734929
302;18532.735198485992;1553736.5896469445
303;18532.12434261867;1553204.749052308
304;18530.77494069936;1549464.0511360515
305;18531.836867464364;1549716.3329897223
306;18532.621702209628;1549214.5030834975
307;18532.941926688545;1547801.5457706144
308;18529.075096891895;1549930.379915364
309;18533.996046912773;1557731.3213661117
310;18535.78864777307;1557566.2179660902
311;18533.615052037574;1556611.3806003337
312;18532.76427602208;1554545.3661944447
313;18535.79794915278;1557289.0304251353
314;18537.319122858196;1557268.3955372793
315;18539.834902842846;1559070.7068210733
316;18539.939811298278;1557893.3190045573
317;18539.63679173103;1556468.5596070806
318;18540.195244625007;1553084.4920290958
319;18541.717954632488;1552150.2665851926
320;18543.531705148114;1550686.2472258897
321;18544.75887787188;1549029.4303085175
322;18543.757405680546;1549046.6872405396
323;18545.34792504289;1546469.856005005
324;18546.56151877745;1545819.4686806425
325;18543.628405732645;1545638.2908207548
326;18544.2804252476;1544861.5696719794
327;18544.726924963645;1543459.7830551583
328;18545.42625545999;1542632.6462157029
329;18545.192098041298;1540904.268052586
330;18540.692768893092;1547299.4115777719
331;18543.401149630437;1549109.7056023092
332;18541.25895373398;1549468.66708841
333;18540.28431853938;1548375.8635462746
334;18537.26145870103;1549923.5772029657
335;18536.206005760272;1550192.9283600657
336;18537.13877019096;1547908.970927429
337;18536.527295478016;1545109.4421473283
338;18537.271510668295;1545191.191267398
339;18538.560015294584;1543888.0689019263
340;18536.557196924754;1542437.934176257
341;18536.579324725193;1541978.0449949924
342;18536.964013855395;1541792.7091523039
343;18535.007793274912;1540215.2700053682
344;18531.074677734876;1544469.2574291122
345;18532.43883229057;1544704.644138204
346;18533.086368700562;1543532.9822834772
347;18533.01163729598;1543239.9369389145
348;18530.35887388618;1543564.890511862
349;18530.51176367368;1542012.2891980908
350;18528.22386238665;1542265.9914165316
351;18526.069996097907;1538593.1923815191
352;18527.532391696153;1537560.9284947407
353;18522.95806316151;1542477.143902072
354;18520.210739464274;1543571.2726614613
355;18518.77039035868;1542424.293327689
356;18518.47489448342;1541467.74733808
357;18521.403278222093;1542657.1401634575
358;18518.186098953316;1545778.3148419482
359;18517.53681033754;1543369.28685407
360;18518.278423507152;1541946.1474471902
361;18515.91160118689;1541237.724141545
362;18513.2934735052;1540071.0795556088
363;18513.531166976474;1538918.9369387112
364;18512.726545345646;1538833.644193587
365;18513.745682971126;1537649.5730494338
366;18512.719884816186;1536199.5395189095
367;18512.529081165692;1533424.5062371376
368;18512.013102490317;1533060.8160417113
369;18514.106899192473;1532764.6246920538
370;18517.659603785956;1535294.1332959651
371;18517.02456377895;1535088.1450575327
372;18517.66371435994;1533612.238909475
373;18516.476511768924;1533433.4522636193
374;18517.624488376063;1532483.5404891013
375;18518.492561765746;1532897.2737364306
376;18517.170960428633;1531998.2668107005
377;18515.91010664058;1529196.049635969
378;18518.44756439796;1531495.5849223111
379;18518.998748455884;1529801.306285817
380;18520.449061673266;1529504.9247134954
381;18522.5115845185;1529198.4815916661
382;18522.9882291531;1527690.2638353673
383;18520.775635704107;1528447.4679547749
384;18521.898779257263;1527365.4901704444
385;18520.03347040792;1527394.5325171915
386;18520.727659149637;1526959.1311410815
387;18520.104311075615;1525235.1989984906
388;18519.468657865877;1522516.4101686978
389;18520.603524634218;1523458.6084806705
390;18520.35146471036;1522054.2887890318
391;18518.756883654634;1522227.2556128472
392;18521.86352896655;1524646.0836050091
393;18523.970519892635;1525778.1696717555
394;18525.606889970866;1527190.9378873915
395;18527.626727975174;1529749.8523719157
396;18525.17976352296;1530449.2566470373
397;18524.720358546976;1528736.2718729116
398;18525.987743909955;1528892.1955700757
399;18524.26169564949;1529132.4103616185
400;18524.733056674788;1527921.8035864767
401;18524.50997642965;1526113.4409413827
402;18525.930265230338;1527262.5213223882
403;18528.45032499631;1528802.8232180444
404;18529.711394145208;1528419.3671108226
405;18531.454490990578;1529788.508299931
406;18530.381770154112;1528548.520010283
407;18533.03276790752;1530358.9281617603
408;18533.09813641035;1529053.3665435205
409;18532.61424878563;1527363.9513872853
410;18534.017712433786;1527575.0655860663
411;18534.236954512835;1525477.2973367753
412;18537.096508276623;1527558.9071410468
413;18535.085946459367;1527617.309431323
414;18533.827313273676;1527845.8529445387
415;18534.084310829923;1527506.6520448166
416;18531.32828104644;1529488.8888861828
417;18531.509250687246;1528240.0595626233
418;18532.61941008628;1528526.4784816273
419;18535.10974147286;1530323.530777566
420;18534.57401073676;1529794.4360526102
421;18536.80825014889;1530602.35875922
422;18534.703273012874;1529566.5567122472
423;18534.6377084195;1527424.6928283616
424;18534.898344993748;1527086.131504207
425;18535.908227678054;1526976.2517702442
426;18536.99037138631;1525761.2695576593
427;18537.55565575895;1525003.3413174008
428;18539.689234801383;1526629.7389986508
429;18539.6953546034;1524953.176753412
430;18542.423179086174;1527445.8001371918
431;18540.864713569496;1528170.858259603
432;18541.961304720655;1527657.2673094852
433;18541.046064420116;1526049.4757294448
434;18542.63499242401;1526061.7747478506
435;18542.74328609299;1525461.8850477408
436;18542.766824327264;1523554.7672528368
437;18540.951953184078;1524276.4768658432
438;18539.377690448237;1523671.8942635015
439;18539.88703726555;1522710.2377692552
440;18539.51298245196;1519626.212385708
441;18539.216009184045;1517474.9634344866
442;18539.153944677357;1516860.963338393
443;18538.545685593614;1516143.0799365335
444;18536.93811567315;1513549.404469392
445;18534.822856427316;1515474.1189597915
446;18536.027477920234;1513844.5313787267
447;18537.276956931342;1513965.2423276647
448;18536.34130833323;1512279.287337507
449;18535.65867374762;1510513.7769604337
450;18534.44249686247;1509095.342929439
451;18534.329311002286;1508449.1899239598
452;18534.0252102837;1508739.471872932
453;18535.902625151935;1509371.1926481486
454;18539.001712805228;1512148.9989911967
455;18536.99692133829;1512619.1245392035
456;18536.866065110076;1512200.234340851
457;18537.298221571185;1511760.6052662123
458;18536.067258595827;1511687.1034091476
459;18535.419207679708;1511513.9532521642
460;18540.530827233575;1522555.6055526445
461;18541.127231005594;1521464.8386669464
462;18539.56084430338;1521387.966506429
463;18539.211814000613;1520456.3359421287
464;18539.53002423871;1519481.8785597114
465;18541.289884710448;1521503.594574491
466;18540.558497908383;1521006.934657237
467;18539.058179543477;1520548.362482638
468;18538.565386211303;1519385.87139574
469;18540.08537346182;1520231.2557126193
470;18540.328470690572;1519130.4972722451
471;18540.816968777355;1518266.3784482912
472;18538.773794708028;1519294.613670744
473;18539.687329543838;1518750.4598878787
474;18538.87309571562;1519067.927364325
475;18541.30195069088;1521562.6154180265
476;18540.19336065325;1520494.864290396
477;18538.194381634086;1520857.5059596936
478;18536.75710355911;1520761.9681222134
479;18537.4622980008;1519936.5657477162
480;18534.745301194394;1522846.276555548
481;18534.90280715271;1520758.4651632307
482;18536.386867017412;1521048.925270563
483;18536.519341324874;1520028.8950708434
484;18536.896881562472;1519004.3649725395
485;18535.70861516716;1517852.9722744785
486;18537.24219199097;1519182.1777190967
487;18535.585396334638;1519064.7398611992
488;18535.752512874256;1518326.8582277054
489;18538.61649767803;1520631.7497630992
490;18539.169794041707;1519999.7387527646
491;18537.051978775453;1521069.5583113977
492;18538.14179592719;1521557.91827767
493;18534.26404379703;1526664.8273204013
494;18532.953204461035;1526972.319662632
495;18530.417758152496;1529184.4054148926
496;18531.031527568583;1528774.6542589862
497;18529.332868744128;1528850.8976930652
498;18529.30161795763;1527944.6318174265
499;18529.87852129388;1526568.9348017704
500;18531.451842107042;1526761.6371822353
501;18530.915773317658;1527114.1801252607
502;18532.22498854657;1527440.5679619757
503;18532.675692481513;1526797.8736567919
504;18534.284106547417;1526876.3270777003
505;18535.388355915537;1526943.3413942417
506;18537.03143890002;1526845.3616368813
507;18536.161567187013;1526953.7462200746
508;18535.28855142994;1527464.894222278
509;18534.417993362604;1527041.1119902306
510;18534.67003708414;1526398.9915065118
511;18533.498307484562;1525873.2099046016
512;18534.769059884842;1526393.4069869523
513;18533.553731430075;1524474.5869324973
514;18533.150522812575;1523059.1016946
515;18531.74028516291;1522723.1381635193
516;18532.423827899605;1522624.043120892
517;18530.607892617412;1522278.2933855623
518;18531.44044983568;1520854.260718284
519;18533.04123162587;1521463.1704061434
520;18531.91571695358;1521031.6502990618
521;18532.716191883817;1520951.3824233848
522;18533.83113966024;1521054.487919875
523;18533.832859834427;1521151.4336815292
524;18532.926824446364;1520068.2890135346
525;18535.88880194494;1525733.1273146858
526;18538.19662311518;1528326.2359875285
527;18539.49609560385;1528469.3302575962
528;18540.548645629802;1529457.176915093
529;18541.63609191899;1529440.778356214
530;18540.003805228967;1529943.4783504133
531;18537.833311538074;1531455.0345782517
532;18536.37944285378;1531755.202692692
533;18537.33795470125;1532243.3952671373
534;18537.146539524154;1531279.3783961907
535;18537.968177837505;1531256.1429748717
536;18538.969929424875;1531312.0393041961
537;18540.815154836422;1532580.1558969559
538;18541.60922980534;1533315.8565456716
539;18543.013210563255;1533957.115203015
540;18541.74063631907;1533243.5096179608
541;18540.793836709578;1532427.7607208167
542;18539.623206482585;1531086.2932719092
543;18539.845083094744;1530155.793952791
544;18539.089381703147;1529907.2593814947
545;18539.000898996033;1529675.696616025
546;18539.519844603412;1529220.7795782876
547;18539.84772136002;1527722.2886053105
548;18538.909471446772;1526404.8560947757
549;18539.64988616908;1526888.8631711514
550;18539.62091880496;1526124.5659717936
551;18539.372205357522;1525885.856333461
552;18536.24385019302;1528726.028067984
553;18537.34819014694;1529346.6509220682
554;18535.657457793863;1529959.9200628872
555;18535.205292471368;1529570.5535086514
556;18535.155424311677;1527246.277449321
557;18534.72006676868;1526179.7806645345
558;18536.51699756756;1527316.2588323492
559;18536.652480034638;1525892.549336665
560;18535.49500519816;1524622.9863109419
561;18533.648409540623;1525204.526748642
562;18534.302573830584;1524493.0595066326
563;18532.180074106145;1526401.3925891037
564;18534.645401717233;1528598.719265438
565;18536.075253818748;1529571.7903271094
566;18536.131630550324;1529285.8431100207
567;18534.983475996647;1527779.470222711
568;18537.026172032907;1530527.5636761785
569;18539.14284629163;1532096.2238938487
570;18538.535571786026;1530829.7153994178
571;18538.43950411014;1530107.6329130833
572;18539.119661956804;1530345.176419979
573;18539.882686519;1529734.940157622
574;18539.003509615584;1529065.6082700011
575;18540.80545028189;1531342.4959230574
576;18541.77892175372;1531874.396401854
577;18542.282699629824;1531967.7228581975
578;18543.220200129057;1530761.1893100203
579;18543.32630046054;1530030.5413194068
580;18541.6332118982;1531778.3307379838
581;18539.971777045062;1531612.5647600894
582;18539.15201474233;1530955.960050971
583;18539.898817888658;1530682.5782547991
584;18539.392552631187;1530080.6752321084
585;18540.160888939165;1529585.245378355
586;18538.84621601912;1529901.9161091922
587;18537.342476531874;1529844.4154752889
588;18538.32788402062;1529817.255115362
589;18538.93078459745;1529482.9858496313
590;18540.158731527124;1529743.5604992188
591;18540.150937795388;1528872.0998326526
592;18541.648154076516;1529479.0773736818
593;18543.402437647706;1530959.2290150293
594;18543.633408778438;1529706.6324856405
595;18543.866414885557;1529028.6313281716
596;18544.179810616897;1527904.2487882508
597;18543.590166986472;1526691.5182628343
598;18542.397534847532;1526039.039166951
599;18542.62712639369;1525310.592744966
600;18544.859936094876;1528524.6564546109
601;18545.78570377944;1529095.7125125385
602;18543.040067969905;1531451.16541963
603;18541.926855395646;1531793.2009249246
604;18541.47842019897;1531477.1589558767
605;18541.334274734545;1531423.493952319
606;18540.40017964672;1531008.0958277725
607;18540.38201648192;1529948.5245878596
608;18541.908627906858;1531387.8711118803
609;18542.599606474134;1531634.2576491376
610;18543.54854080146;1530352.1245243615
611;18543.90592839603;1530044.189450766
612;18545.592489636783;1530759.596069813
613;18546.99736556887;1531579.5008832843
614;18547.669721520288;1531676.9828261265
615;18548.33816799113;1531771.9577916472
616;18550.17645096748;1532629.3357714578
617;18548.77511855605;1531863.2786777734
618;18548.66977111722;1531442.4811180104
619;18549.533046053606;1530854.854955534
620;18551.12903749993;1531423.255217338
621;18550.020384642132;1532009.5508802112
622;18550.550569583957;1531399.6516627544
623;18551.287540844012;1530484.5819647347
624;18550.811126829634;1530157.8323828534
625;18552.236899038155;1531289.6205339448
626;18552.717249488207;1530127.2594261905
627;18553.062836475347;1529451.4122028132
628;18553.30321794119;1528943.9524791972
629;18553.480512601942;1529010.897055467
630;18554.26049489249;1528519.2619755266
631;18556.025528982245;1530243.832189856
632;18555.082462994804;1529915.002829185
633;18553.329037019103;1530585.3353401993
634;18553.17322532956;1529945.7942041054
635;18554.572612407188;1529734.754066525
636;18555.84780302344;1529812.6627368478
637;18555.650045208844;1529513.0920961187
638;18555.998521619305;1529206.4104117386
639;18555.2776440267;1528383.6080464534
640;18555.197616468806;1528440.2988300342
641;18555.013154251734;1527788.5509493889
642;18555.700386032484;1527335.7378518397
643;18556.70007861286;1527828.7327400853
644;18557.544998638925;1527648.3553426785
645;18557.292776729417;1527577.2179372879
646;18556.472491831937;1527844.741995516
647;18557.77769662698;1528912.554225041
648;18556.825983748186;1529174.0274752553
649;18557.578597457446;1528823.4515604454
650;18555.9405136595;1529131.8526067757
651;18555.192895600583;1528583.6788001512
652;18554.792478598916;1528458.082371605
653;18554.615340637072;1527572.8256858787
654;18554.107218564062;1527856.2098517406
655;18554.599191439618;1527975.9774656512
656;18552.82332298322;1529307.0844727992
657;18551.04479962105;1530583.1149347026
658;18549.409893478838;1531394.0598479006
659;18548.90277920251;1531275.1223178436
660;18548.54767154763;1530987.1599302534
661;18548.091384932883;1530588.9456088466
662;18549.06288389408;1530965.4082588595
663;18550.782296713525;1532711.604480828
664;18549.723605731655;1532545.0874147527
665;18549.656115536116;1531173.0411886084
666;18550.21697996889;1531142.742381127
667;18550.72668482783;1530950.7112595756
668;18550.57918774245;1529483.1387280568
669;18551.01357913672;1529193.3223315207
670;18550.862106713765;1529041.201640847
671;18550.224027167922;1528141.0482869737
672;18549.728864241697;1528267.4535752833
673;18548.98194362544;1527355.4113469764
674;18548.141506952205;1525861.67761814
675;18548.50368199604;1525599.4908196435
676;18547.51832221388;1525434.2007811163
677;18548.406221076268;1525317.294868279
678;18547.991780811233;1523816.8862329936
679;18548.036108817425;1522996.6544370032
680;18547.972022652277;1522296.8269834393
681;18547.966459449308;1521840.4948286857
682;18546.58598909383;1522189.1472581653
683;18545.926011159812;1521607.338545629
684;18547.186031901616;1522551.118156673
685;18545.50949015283;1524107.783816722
686;18544.671070824166;1523384.673415751
687;18546.11120258122;1524930.6594731198
688;18546.258712388266;1523872.7354352705
689;18546.52560868226;1523689.3572801035
690;18546.754053989458;1522932.9947331864
691;18544.98790106247;1523546.1082209286
692;18545.314021601578;1522470.3109105097
693;18543.764305265046;1523232.3384152711
694;18546.40419414299;1527846.340047904
695;18546.58441434662;1527317.368300152
696;18544.874592851796;1528467.3414154216
697;18545.198488679107;1527180.8533340213
698;18544.710693586403;1526729.1715057676
699;18543.24719047718;1527040.1022446672
700;18542.873236872972;1526958.7255653103
701;18542.489810239815;1526571.3170332096
702;18541.167166751264;1526629.118138625
703;18541.744594780153;1525423.1066497548
704;18542.028733269424;1525465.1413267874
705;18540.253838807133;1527162.8225716366
706;18540.362963323485;1527011.9121579116
707;18542.156357126616;1529685.0479906416
708;18543.625312680666;1530953.2097532607
709;18543.79436272841;1529685.3419145395
710;18542.722803485296;1529258.8380763151
711;18542.640207001794;1528780.8591325365
712;18544.611496104564;1531027.5451375234
713;18544.470468150375;1530574.7616895267
714;18545.327740003588;1531052.4117947337
715;18544.431482110955;1531290.5519969002
716;18545.467365366796;1531234.5577619807
717;18545.533750166207;1531083.4627579038
718;18544.86501883037;1530501.355893523
719;18545.300660961977;1529834.4826444308
720;18546.723062905625;1529862.0478428132
721;18545.856061003662;1529623.6406616836
722;18547.448334600973;1531014.6514488496
723;18548.900357260474;1532297.3991991282
724;18549.128879341686;1532264.7499917273
725;18550.953300324978;1533489.7597449415
726;18552.33154639597;1535080.2978808559
727;18553.129063906894;1535259.0705710144
728;18553.215310857267;1534160.5122217059
729;18553.79929847617;1533459.4083097358
730;18554.530034515858;1533594.0305164529
731;18555.09278531844;1532223.4604742941
732;18554.68359663793;1532237.8568998456
733;18553.716062004605;1532154.508904805
734;18554.110085157376;1531699.5623696598
735;18554.263071111633;1530745.7191766
736;18555.594186781007;1531961.860618696
737;18555.807061218413;1530719.2278979705
738;18557.37679299454;1532514.6114464276
739;18557.75074120364;1532046.753460553
740;18557.11516334803;1531797.5415843243
741;18557.13363507087;1531924.4354116416
742;18557.702628362713;1532204.535638701
743;18558.138776408552;1533061.1460780913
744;18557.616904232847;1532242.629939156
745;18558.14720725285;1532693.23203929
746;18560.0899064209;1535054.2730779746
747;18560.22629175871;1534228.2331067168
748;18560.028205350554;1533740.7479527972
749;18560.396291288187;1533096.67718376
750;18560.263211891244;1531356.2768733755
751;18560.351486802847;1531127.6683111603
752;18560.914146210533;1531286.9428241258
753;18560.80717465232;1530961.9588826823
754;18559.44471573329;1531737.8626111438
755;18559.07487180295;1531660.120471913
756;18558.25739407596;1532122.8608604542
757;18559.289211860345;1532086.4499918385
758;18559.125344824974;1532113.1981114447
759;18557.43830109628;1533060.5675853228
760;18556.773613025784;1532229.7695001934
761;18555.347742742895;1532954.5591004405
762;18556.001212682615;1532493.1994116001
763;18554.856565778202;1532953.0956202121
764;18554.949120957008;1532014.100598805
765;18554.28648485163;1531470.7248657465
766;18555.47476732615;1531660.6700071644
767;18555.26983041881;1530870.6740975385
768;18554.565793794096;1530117.7480765604
769;18553.382976716985;1529562.24349206
770;18552.956958623323;1529158.1913544356
771;18553.127100289872;1527626.4971898883
772;18554.71246766075;1529646.6896910218
773;18554.953448545657;1529061.1488099392
774;18557.0510876212;1532138.4779188242
775;18556.581890846915;1531975.8627198893
776;18556.35862291012;1531784.4070463383
777;18556.863971967312;1531333.8720605224
778;18556.038401406404;1531388.9699094892
779;18554.557132685673;1532365.2770579231
780;18555.372144436853;1533239.8213447062
781;18555.209287684986;1533287.2466464497
782;18553.43251872403;1534849.900566183
783;18553.060810057752;1533955.2449225702
784;18551.687808257335;1534893.5932775994
785;18551.96683670913;1533615.503582984
786;18551.521856742595;1533614.2843511614
787;18552.42188251564;1534028.9655022922
788;18551.332916091003;1534219.6149584514
789;18550.367966602433;1533967.773105124
790;18550.59053171794;1532814.0559886333
791;18551.077117320525;1532418.5847344717
792;18550.977253404566;1532109.5637094479
793;18550.794284515137;1531803.5823787171
794;18550.784063459567;1530980.1830386347
795;18552.565717006353;1532835.5860658141
796;18551.237121471284;1534068.2669162771
797;18551.025286440607;1533190.2450454598
798;18551.35833307974;1533530.1613478623
799;18550.34782039414;1533645.9242434555
800;18551.38157193469;1534476.5870521378
801;18553.274957669666;1537486.2744773985
802;18552.31696093929;1538228.8946453293
803;18552.068578010887;1537481.391867693
804;18550.343988058972;1539640.7247750459
805;18550.650297464763;1539747.2381606582
806;18550.427951192567;1539615.9457414928
807;18550.274828221533;1538334.925431116
808;18550.150893806796;1537519.9835484603
809;18549.775109014132;1537627.9591804605
810;18550.571332106792;1536950.5419865742
811;18551.22366667898;1536232.152286026
812;18551.79797849273;1536031.1593862053
813;18552.805470379823;1536899.5702233359
814;18552.877286068084;1537149.562690043
815;18553.288644635664;1537513.5294104395
816;18553.64524332711;1536769.568216695
817;18553.911710697863;1536886.079032769
818;18553.362076424728;1536559.8473870736
819;18554.563772050016;1537704.1332139005
820;18554.72355739478;1537243.6893605527
821;18555.165812894593;1536592.167325467
822;18555.174877120695;1536234.2367158765
823;18554.94295997601;1535573.3968735898
824;18555.53053511407;1535094.7602760287
825;18557.717919952513;1538942.5648519462
826;18556.967576944546;1538647.596134494
827;18557.34224790882;1538159.5230625896
828;18556.541982392617;1538413.7498882306
829;18556.432066672554;1537887.3653109672
830;18556.85427618827;1537777.823408438
831;18555.747431243002;1538076.1209824372
832;18555.66734560295;1537881.1588586844
833;18555.9738191161;1537566.4636830543
834;18554.9618555509;1538023.1217465596
835;18555.176573446515;1536984.917138785
836;18554.511702254204;1536281.819641344
837;18554.886664980684;1535923.7086267
838;18554.983716725405;1535418.0143685173
839;18555.16184103998;1534624.6058744302
840;18554.58276405578;1534299.1309605604
841;18554.5017341945;1533521.8578742319
842;18554.015579700565;1533567.2098021389
843;18553.70760071139;1532957.5465872914
844;18553.35368407618;1531977.391602643
845;18553.19483446628;1530423.883891473
846;18554.145828742807;1530918.5569213093
847;18553.668045159327;1530038.6338480182
848;18552.850126824276;1530446.4096671378
849;18552.759281633753;1529885.1500564595
850;18552.66222792914;1528996.8921508
851;18552.981785596214;1528445.201400584
852;18552.735481406497;1527987.5352506496
853;18553.721616319515;1529301.9865296704
854;18552.79317679764;1529468.0877413445
855;18552.986331068492;1529026.3888417971
856;18553.804218873487;1529617.3215456747
857;18554.17229947489;1529168.8556780745
858;18553.802789165486;1528423.3461368042
859;18554.716190265757;1528311.4504780357
860;18554.118131563475;1528580.0856593815
861;18553.740289111585;1527939.7011844527
862;18553.671427455603;1526777.5918350085
863;18553.701427884516;1525445.4582104539
864;18553.15585360253;1524706.2391459218
865;18552.19414771625;1524549.5899982215
866;18552.017990844994;1523541.4009771908
867;18552.893298746883;1523819.1474344146
868;18552.69537465838;1523424.972818309
869;18552.635135830737;1522838.6055059575
870;18551.95141466671;1521753.1977262092
871;18551.88517559739;1520621.4214664362
872;18552.4547859112;1520280.614463851
873;18552.76740392674;1519974.8556059257
874;18552.692489418692;1519299.0656146267
875;18555.15545612742;1524484.521087349
876;18555.918098825074;1524269.3492086001
877;18557.32707616134;1525623.4300849224
878;18556.51932901434;1526550.78024854
879;18554.54964955891;1529693.3741842683
880;18552.65600232755;1532332.4135124015
881;18553.452684764376;1532098.491498397
882;18552.47391078581;1531892.6502726912
883;18553.09918816529;1532378.1558228359
884;18553.010285499557;1532260.9444854143
885;18553.187090501997;1532370.302261444
886;18552.428096330972;1532318.848937535
887;18552.38651698868;1532082.8258898507
888;18553.53334731546;1533017.6679147328
889;18552.887018424568;1533271.7797448914
890;18553.096223804383;1533114.9529074165
891;18553.132944631638;1532224.5528634873
892;18552.45253362847;1531590.087441364
893;18551.500390964247;1531966.8025796893
894;18551.132096481608;1531607.369451187
895;18550.316873645774;1531614.419861872
896;18550.95109903261;1531838.8408868187
897;18551.150179561206;1530972.8513130536
898;18551.425257077593;1530368.9647095276
899;18552.279661172553;1530505.4067550248
900;18550.099529932133;1534273.2040935613
901;18549.60831775192;1533927.8533350783
902;18548.855209113262;1533290.784235816
903;18548.854563273664;1532065.5724122387
904;18548.510492849815;1531327.136894581
905;18549.244704638066;1531940.764429207
906;18548.49510634225;1531727.8432937237
907;18548.084258483163;1531575.3640340096
908;18548.292472712325;1530408.8532082874
909;18549.771392277267;1532077.8084291804
910;18549.46678486246;1531673.3079228709
911;18549.51808552206;1530914.7613819775
912;18550.238852896193;1530802.0539018833
913;18550.985126379;1531183.7735226124
914;18550.63602871686;1531003.030817052
915;18550.62614576612;1530037.9698105203
916;18550.82772283704;1529698.9633402252
917;18550.046006103792;1530064.8289358162
918;18549.899524329434;1528862.7867714388
919;18550.481474013544;1528974.4923768188
920;18550.890187111385;1529419.6145272038
921;18551.298849677154;1528804.162764868
922;18551.6152019092;1529252.5469598197
923;18551.964472870673;1529121.0428351834
924;18552.32098411113;1529409.8619120272
925;18552.12575582293;1529408.9648428217
926;18551.075813141648;1529414.7250370213
927;18551.723252285665;1529204.6720967193
928;18552.797263081164;1530699.219886637
929;18554.26760961699;1532569.180521909
930;18554.850939681022;1532374.6385205453
931;18555.459194770654;1532242.8852225668
932;18555.296295286866;1531638.8124861508
933;18554.187873185467;1532229.0431432866
934;18553.75667010257;1532381.9720041999
935;18552.965269221535;1532007.4091754656
936;18553.29751738906;1530982.9252596481
937;18552.760888384528;1530588.3907637368
938;18552.3744767307;1529752.9319599771
939;18551.36840484701;1529945.7985128015
940;18551.75238444494;1529086.6620234495
941;18551.648551870025;1528770.9140763213
942;18551.616086571983;1528286.9763206865
943;18553.19166886312;1530141.6318094772
944;18553.278666098366;1529721.8334458799
945;18553.865481667635;1530088.3686171279
946;18553.768345511773;1529987.8512828655
947;18551.881217719743;1532783.8644164174
948;18552.5609775236;1532618.361057379
949;18553.245981022632;1532459.3821070457
950;18552.868515050304;1531980.257526211
951;18553.492343422393;1531865.807401597
952;18552.640157775444;1531923.344802478
953;18553.77752628407;1532775.2755325206
954;18554.671412191597;1532898.3113606155
955;18555.282525569008;1532547.8288071828
956;18553.998132890018;1533484.2933794518
957;18553.591995586066;1532630.315403935
958;18553.192272126453;1532731.4335755184
959;18553.32595274087;1532408.3268956512
960;18554.175088627733;1532682.9199211907
961;18553.938759668123;1532076.5179037608
962;18554.070462090545;1531988.2349515439
963;18553.02490919502;1532107.20711782
964;18553.52687019371;1532399.104896838
965;18553.92664871717;1532139.2201318424
966;18555.030151848652;1532687.8390939326
967;18555.135517995877;1531756.0871124538
968;18554.86548948155;1530507.0050838348
969;18555.855669072458;1531246.4583082765
970;18555.993028907455;1531187.3259686478
971;18555.50173080252;1530678.0604365272
972;18554.74335759449;1530476.1942955938
973;18554.78696982892;1530753.5150946563
974;18554.02378621873;1531073.8942148662
975;18555.409124360158;1533187.655616121
976;18555.37051344635;1532575.2077372803
977;18555.41032446379;1532282.7918680848
978;18555.384014020256;1531491.5279304937
979;18554.03122420585;1532707.974672266
980;18553.22874523301;1533194.0305781688
981;18552.62536780606;1533305.756699943
982;18552.385316208496;1533001.1195422057
983;18552.981186858528;1532681.778659415
984;18553.200712849004;1532452.9491579575
985;18552.588109451743;1531984.1821905212
986;18552.339834409195;1531106.4409441703
987;18553.54690126075;1532564.5872967415
988;18553.3787688172;1532308.6188987405
989;18553.679263134545;1532112.353805015
990;18554.257666898455;1532083.29345627
991;18554.099942841505;1531281.9533414806
992;18554.131725651656;1531156.7420865304
993;18553.199646692086;1531004.2410617396
994;18554.004693184208;1530906.7131848137
995;18553.57251460941;1530645.512771496
996;18552.40259324449;1531617.3915150657
997;18552.153117164475;1531693.053290429
998;18554.041315766113;1535267.231595567
999;18554.497572702207;1535541.64728964
