VegPotID;SubModuleID;ParameterEstimate
1;1;-5.4777977947588
1;1;-0.0291215717402
1;1;-0.0637518680708
1;1;-0.1136479983073
1;1;-0.0716799372618
1;1;0.00222291966286
1;1;0.00442578656062
1;1;0.00566436340095
1;1;0.00515628305182
1;1;-0.4293809704828
1;1;1
1;2;-0.084628401205
1;2;0.15812523832064
1;2;0.35482346033878
1;2;-0.3583949574989
1;2;0
1;2;0.00245937958838
1;2;-0.0417531381779
1;2;0.01158106884709
1;2;0.00900012961005
1;2;0.61411020044733
1;2;-0.0176075157427
1;3;-3.3954138819659
1;3;2.44200948838223
1;3;-0.512984190607
1;3;0.13130598715536
1;3;0
1;3;1.36686440554027
1;3;-0.1455966496895
1;3;-0.0520850139948
1;3;-0.008238058631
1;3;-0.0423101895939
1;3;0.04701792688654
1;3;0.40945940185075
1;3;0.10988571227839
1;3;0.14355097792242
1;4;-2.9689615798683
1;4;1.50179122348112
1;4;2.347458140293
1;4;2.43371562128201
1;4;0
1;4;-0.0210583594907
1;4;-0.1067135464039
1;4;-0.0683800296073
1;4;0.02659135845964
1;4;0.65836183351847
1;5;0.62033433273966
1;5;-0.0332558363889
1;5;-0.0817064211851
1;5;-0.0377405424777
1;5;-0.0199791650301
1;5;0.49162577779598
2;1;-4.568091863108
2;1;0.1697054083725
2;1;0.67245871167377
2;1;0.97648091401291
2;1;0
2;1;1
2;2;-0.121448394
2;2;0.30630394769598
2;2;0.25570444548403
2;2;0.40839771454424
2;2;0
2;2;0.03444508038014
2;2;-0.0004144543815
2;2;0.3712707364713
2;2;-0.019129908977
2;3;-3.7202908058577
2;3;1.44916663486699
2;3;3.64396756947019
2;3;3.34391220808694
2;3;0
2;3;1.10992506041322
2;3;-0.1036118628146
2;3;-0.1920967922096
2;3;-0.2096293861485
2;3;0.01485165421923
2;3;0.14844605362258
2;4;-0.4708373758047
2;4;-1.5477535710296
2;4;0.20835218396126
2;4;0.8152920447207
2;4;0
2;4;0.00386238813156
2;4;-0.0803242440998
2;4;-0.1446522259552
2;4;-0.0632812130075
2;4;1.0003857570775
2;5;0.16216817817105
2;5;0.50857589971034
2;5;0.79722086004425
2;5;0.86168968556639
2;5;0
2;5;-0.0286087919407
2;5;0.57375876038518
3;1;-0.1343323980253
3;1;0.38498134469459
3;1;0.65578784292074
3;1;0.60183910344347
3;1;0.39893004653297
3;1;0.16430163844509
3;1;-0.1386305024662
3;1;1.01007950754674
3;1;0.1306956391112
3;1;1.21186806857122
3;1;-0.5493757909649
3;1;0.53913535115801
3;1;0.83425445901777
3;1;-0.6167026653693
3;1;0.88502755133384
3;1;0
3;1;0.08125807094957
3;1;-2.0945630897928
3;1;0.0224251892762
3;1;0.15495776950047
3;1;0
3;1;-0.20228749036
3;1;0
3;1;0
3;1;0
3;1;-0.2055897093233
3;1;0
3;1;0
3;1;0
3;1;0
3;1;0
3;1;0
3;1;0
3;1;0
3;1;0
3;1;1
3;2;-0.6556608567217
3;2;0.39240635882782
3;2;0.17955408801504
3;2;0.60728083421654
3;2;0.13773036261958
3;2;0.31455414797402
3;2;0.27819986171227
3;2;0.06399301804293
3;2;0.42613997288563
3;2;0.00004305187077
3;2;0.34677347638701
3;2;-0.0178891145094
3;2;0.5217675151365
3;2;-0.0461539903694
3;2;0.37175224244292
3;2;0
3;2;0.02607377615853
3;2;0.0320491663277
3;2;0.01387142789561
3;2;0.03671267932342
3;2;0.03363387291388
3;2;0.03201488995557
3;2;0.04205574810305
3;2;0.04200476408715
3;2;0.04693994230939
3;2;0.03546892884977
3;2;0.02254247231301
3;2;0.03489592881869
3;2;0.04233933654129
3;2;0.03241232592532
3;2;0.03967057278089
3;2;-0.000407617206
3;2;0.641634206701
3;2;-0.0191713526551
3;2;-0.2000132892218
3;2;0.07449189216603
3;3;-3.2042524520401
3;3;0.02805397238875
3;3;0.505772828974
3;3;0.59310126648758
3;3;-2.4716593699166
3;3;0.18086626301218
3;3;1.78175664364956
3;3;-0.1305141502068
3;3;-0.3640338401187
3;3;1.10654277081359
3;3;-0.5550185255566
3;3;-1.4283603020749
3;3;0.94791085210947
3;3;-2.9083847296395
3;3;-0.8574693466911
3;3;0
3;3;1.12668165115793
3;3;-0.0961622418885
3;3;-0.1602153984945
3;3;-0.2262230870759
3;3;-0.0144754254695
3;3;-0.0853866784508
3;3;-0.0689452959803
3;3;-0.0844683161915
3;3;-0.120742829881
3;3;-0.1805937655271
3;3;-0.0407668982498
3;3;-0.0385491306994
3;3;-0.2171258791622
3;3;-0.0196561415379
3;3;-0.0290329246339
3;3;-0.1387619610306
3;3;0.16349176856177
3;3;0.11037825999566
3;3;0.30425024062514
3;3;0.43759279850441
3;3;0.19094557238812
3;3;0.04631741046333
3;3;0.19079220230275
3;3;0.60633105563686
3;3;0.06947097911298
3;3;0.24687841770812
3;3;0.42703455115836
3;3;0.24813607793764
3;3;0.33998141293124
3;3;0.31504306397882
3;3;0.23141943217791
3;4;-2.9521478473907
3;4;0.46059421577974
3;4;-1.7632833758857
3;4;4.74432286251417
3;4;1.88057100351286
3;4;0.3693991050242
3;4;2.37495300310326
3;4;-0.4713779731612
3;4;0.40611264428234
3;4;1.19757948088564
3;4;0.89359633049148
3;4;0.96157983433901
3;4;1.26139279452174
3;4;4.22867191983698
3;4;0.94665962103294
3;4;0
3;4;-0.0681777917467
3;4;-0.0133063055844
3;4;-0.1041168877183
3;4;-0.0392382225389
3;4;-0.0625035126466
3;4;-0.0687766103962
3;4;0.00935804280103
3;4;-0.1540673750901
3;4;-0.1200267129473
3;4;-0.0430863214942
3;4;-0.0430897476758
3;4;-0.0924281465124
3;4;0.00039957304358
3;4;-0.0420325228954
3;4;-0.0860346095557
3;4;0.1761694522224
3;4;0.61416416463995
3;4;-0.5478333457121
3;4;-0.6118070182384
3;4;0.32960889219749
3;4;-0.0295002681632
3;4;0.29252662666389
3;4;0.28219828966003
3;4;0.23374441096328
3;4;0.09170482180577
3;4;-0.0868284080727
3;4;0.22540549013018
3;4;-0.7705071913511
3;4;0.31311040969218
3;4;0.22600741593227
3;4;1.34028744895024
3;5;0.66022636335877
3;5;-0.2879207916997
3;5;-0.1075318581298
3;5;0.00625127126767
3;5;0.00336167311514
3;5;-0.4621877167841
3;5;-0.0683780278386
3;5;-0.0231423785466
3;5;-0.037917611985
3;5;-0.4632232036723
3;5;-0.0995626251361
3;5;-0.8577872703323
3;5;0.06333568199323
3;5;-0.1115031904704
3;5;-0.256989478733
3;5;0
3;5;-0.0233271478287
3;5;-0.0357306437831
3;5;-0.0397358249679
3;5;-0.043311579024
3;5;-0.0135433893498
3;5;-0.0449216024284
3;5;-0.0336098718573
3;5;-0.0212280872126
3;5;-0.0074090231242
3;5;-0.0366965396438
3;5;-0.0189067871556
3;5;-0.0264864861588
3;5;-0.0225593480085
3;5;-0.0296281413076
3;5;-0.0458723297022
3;5;0.02174991924009
3;5;0.27196845908884
3;5;0.59205470985197
4;1;-6.8326282387597
4;1;8.40575811851791
4;1;5.49884055842213
4;1;6.94976180001465
4;1;4.08864762800871
4;1;-0.0916789366154
4;1;8.49410855082154
4;1;5.85216215688363
4;1;7.59062364546801
4;1;7.76191577898475
4;1;14.4945519127433
4;1;2.62231663948504
4;1;4.03869987016635
4;1;11.3624185935521
4;1;9.92471870627526
4;1;1.4975571681514
4;1;5.45151611329031
4;1;4.95329530105999
4;1;0
4;1;0.07012277107811
4;1;0.06582539233632
4;1;0.10363439977544
4;1;-0.0408917411199
4;1;-0.0786396516527
4;1;0.14441776135803
4;1;0.17713519882028
4;1;0.11424333178708
4;1;0.11594247466522
4;1;0.26203300794101
4;1;-0.0013905201677
4;1;0.09766955859056
4;1;0.44095452993845
4;1;0.14558838962744
4;1;-0.0803242389562
4;1;0.10926519734311
4;1;0.10544328718153
4;1;-0.0709769479734
4;1;-2.2852668825237
4;1;-1.5641291657088
4;1;-2.1916879130927
4;1;-0.1804755491524
4;1;1.18459712210029
4;1;-3.0389085597274
4;1;-1.459738302164
4;1;-2.5606577953236
4;1;-2.8188918780524
4;1;-6.1421328792374
4;1;0.10121361066141
4;1;-1.4277156001554
4;1;-5.5917454032208
4;1;-3.4670164792175
4;1;1.46628505049648
4;1;-2.2383620418661
4;1;-1.2049472620288
4;1;1.30247552883236
4;1;0.02267976290844
4;1;0.2204054921586
4;1;0
4;1;0
4;1;-0.1393053080868
4;1;0
4;1;0
4;1;0
4;1;0
4;1;0
4;1;-0.1218995566896
4;1;0
4;1;0
4;1;0
4;1;0
4;1;0
4;1;0
4;1;0
4;1;0
4;1;0
4;1;1
4;2;-0.8951605727206
4;2;-0.1956725081091
4;2;0.41677009954306
4;2;0.2442061043437
4;2;0.53292114550256
4;2;0.56405663245045
4;2;0.09131697169376
4;2;0.93777413479034
4;2;0.31174507045341
4;2;0.26238763679418
4;2;0.72272103003662
4;2;0.1256519865931
4;2;0.36591031481819
4;2;0.21793828772197
4;2;0.37315746058538
4;2;0.42365862288948
4;2;0.08038145716996
4;2;0.20036658984127
4;2;0
4;2;0.04691595681338
4;2;0.02247660442693
4;2;0.02289113704644
4;2;0.00710490130146
4;2;0.02723873789897
4;2;0.03226259335595
4;2;-0.0455551559345
4;2;0.02531386179517
4;2;0.02669314655857
4;2;0.02097975932968
4;2;0.02799085005604
4;2;0.02839188766809
4;2;0.00120210087761
4;2;0.03380412695052
4;2;0.00440677169211
4;2;0.03691643627284
4;2;0.03268136152688
4;2;0.03271669520012
4;2;-0.0003857020372
4;2;0.66451598821599
4;2;-0.018576547366
4;2;-0.2152044680367
4;2;0.07650664772317
4;2;0.0002823708707
4;3;-5.6269849495321
4;3;1.37016343342457
4;3;3.92628664494974
4;3;4.27042898131913
4;3;-0.8400791316034
4;3;-0.6986307294064
4;3;2.99943359311927
4;3;2.34462529854097
4;3;3.02087361547607
4;3;5.80351075230043
4;3;-6.1839479721234
4;3;-0.4430844386898
4;3;1.44603188028301
4;3;-0.4465096327687
4;3;3.46394278489896
4;3;4.71480881798568
4;3;-3.067993051897
4;3;3.02248354013375
4;3;0
4;3;0.92263082353621
4;3;-0.141740452588
4;3;-0.0761299163925
4;3;-0.1489149272266
4;3;-0.1465795818929
4;3;-0.106478809053
4;3;-0.0521496588123
4;3;-0.0356799602915
4;3;-0.0863019157139
4;3;-0.053527670269
4;3;-0.1113155505693
4;3;-0.0279298340101
4;3;-0.0216054397471
4;3;-0.0316851378471
4;3;-0.2395499782933
4;3;-0.1803948948619
4;3;0.02260499866638
4;3;-0.0290838858035
4;3;-0.0701364244185
4;3;0.42294085912488
4;3;0.16558820936396
4;3;0.1818912782167
4;3;0.26330077687431
4;3;0.95490016473134
4;3;0.33600369331791
4;3;0.4425288611017
4;3;0.1537056994253
4;3;0.05583520710563
4;3;0.32454911674276
4;3;0.75116742488622
4;3;0.27970193433072
4;3;0.80332423785664
4;3;0.1697536884185
4;3;0.3991828309832
4;3;0.42857501857158
4;3;0.13765421056437
4;3;0.65454159657096
4;3;0.5030368039641
4;3;-0.0216570005358
4;3;-0.0687781638146
4;3;0.7980836065561
4;3;0.62700217751713
4;3;-0.2545241247726
4;3;-0.1159449877222
4;3;0.29042265716988
4;3;-0.2221230197041
4;3;1.99820257629392
4;3;0.1961128448198
4;3;0.28699723345004
4;3;0.51647883732757
4;3;0.3417755149828
4;3;-0.1628792160709
4;3;0.81550795300449
4;3;0.08067163103701
4;3;0.09534150106532
4;3;-0.0007299861872
4;4;-2.7170406105679
4;4;1.41152638452138
4;4;1.36119433732864
4;4;1.49254610990878
4;4;0.15462854359847
4;4;-3.7286461521649
4;4;-1.6859056183668
4;4;0.21123681759833
4;4;0.91075280683668
4;4;1.93291065441167
4;4;-3.4310535273381
4;4;3.49635733674823
4;4;-0.36818734618
4;4;2.60324793132751
4;4;1.45975198161526
4;4;2.01663383604154
4;4;1.84096343870472
4;4;0.32868217039205
4;4;0
4;4;-0.1264808627279
4;4;-0.0942927567772
4;4;-0.0775102334631
4;4;-0.1872107383107
4;4;-0.0358059699496
4;4;-0.0373217135313
4;4;-0.0148853332454
4;4;-0.0704776967959
4;4;-0.0539751496784
4;4;-0.0806740666923
4;4;-0.0553161130431
4;4;-0.0093972817838
4;4;-0.0748295185824
4;4;-0.1177153044397
4;4;-0.0837338636472
4;4;-0.0316762650539
4;4;-0.0134040317524
4;4;-0.0476377805922
4;4;-0.0086803274381
4;4;0.10463776426227
4;4;0.08423007129261
4;4;0.42901026564494
4;4;0.96773499188981
4;4;0.52372325303954
4;4;-0.0285206772796
4;4;0.31819677363758
4;4;-0.0220379590001
4;4;0.87297492480591
4;4;-1.1841211603878
4;4;0.30584305249534
4;4;-0.6408059652818
4;4;0.36727332848845
4;4;-0.0740074187951
4;4;-0.3776261537577
4;4;0.20123961077381
4;4;0.09134370845189
4;4;1.46512601239562
4;5;-0.0679394536626
4;5;0.65921782926581
4;5;0.92068324174741
4;5;0.90813706137194
4;5;1.23993528874139
4;5;0.66716319661783
4;5;1.08342550960231
4;5;0.39284666321172
4;5;0.61963074428882
4;5;0.80477045704354
4;5;0.70391249139193
4;5;0.84770993455488
4;5;0.91355315069513
4;5;0.59165051073127
4;5;0.86905009543967
4;5;0.69252005991901
4;5;0.18537968354891
4;5;0.94557697735318
4;5;0
4;5;-0.0046072983332
4;5;-0.0199691398756
4;5;-0.0366008530557
4;5;-0.0786745274073
4;5;-0.001091577904
4;5;-0.0389322487635
4;5;-0.0076254249197
4;5;-0.0106769359926
4;5;-0.02266520927
4;5;-0.0101283465655
4;5;-0.0271987975723
4;5;-0.0244543959803
4;5;-0.0336781208542
4;5;-0.0133277216764
4;5;-0.0203337044107
4;5;0.00272976373141
4;5;-0.0248246216795
4;5;-0.0064963172763
4;5;0.17615389450055
4;5;0.58006946216567
5;1;-2.1597550009359
5;1;-0.5652594337831
5;1;-0.8112832074041
5;1;0
5;1;0.0843357932793
5;1;-1.864738622354
5;1;0.06264949487387
5;1;0.01144277140655
5;1;-0.0140759105692
5;1;0.00139835510442
5;1;-0.5193690097858
5;1;1
5;2;0.01080329731519
5;2;-0.0381629918829
5;2;-0.0909845823692
5;2;0
5;2;0.03719868683636
5;2;-0.0005711923567
5;2;0.62935982383566
5;2;-0.0290813190266
5;3;0.20921548579973
5;3;-0.3622885787432
5;3;-0.4998110836672
5;3;0
5;3;0.34547656859762
5;3;-0.0702411845988
5;3;0.10923926137294
5;4;-1.6159239774757
5;4;2.35881867237232
5;4;0.42081759095563
5;4;0
5;4;-0.1234344925563
5;4;-0.046052376855
5;4;-0.0095813174748
5;4;1.10235458511303
5;5;0.90569430324675
5;5;-0.0259104160784
5;5;0.6541873217937
6;1;-0.878312139322
6;1;-0.5209315573417
6;1;-0.3427801307098
6;1;0.07144983826961
6;1;0.84976482509724
6;1;-1.1726292862004
6;1;-0.5478914863775
6;1;0
6;1;0.10107138436954
6;1;0.05693297858192
6;1;0.07359625052661
6;1;0.04491544480962
6;1;0.11962693490019
6;1;0.09844413340802
6;1;0.12363415890589
6;1;-1.7223273839753
6;1;0.46676626796639
6;1;0.03172488286697
6;1;0.21023694200641
6;1;1
6;2;0.03960686022097
6;2;-0.4631984755763
6;2;-0.415082907838
6;2;-0.3201067154856
6;2;-0.1229835959793
6;2;-0.1555657929591
6;2;-0.7575137924074
6;2;0
6;2;0.03158753501007
6;2;-0.0003758159383
6;2;0.6280814489323
6;2;-0.0228343445995
6;2;-0.4272273466399
6;2;0.1208600737944
6;3;-3.1888921756798
6;3;1.0911206785148
6;3;2.65754542430251
6;3;0.26502848142166
6;3;3.13200017390965
6;3;0.05103064830024
6;3;1.94773993379378
6;3;0
6;3;0.96706529627554
6;3;-0.1244740356412
6;3;-0.1305094118537
6;3;-0.0562494425473
6;3;-0.2236030318187
6;3;-0.0416823302739
6;3;-0.080532603702
6;3;-0.0361086051341
6;3;0.13217618094701
6;3;0.07882529522558
6;3;0.25001168775462
6;3;0.18948689428193
6;3;0.26467512004154
6;3;0.10192676934728
6;3;0.19917105367888
6;4;-1.2685108749936
6;4;1.0939012000369
6;4;0.54799018696464
6;4;-1.0898211780218
6;4;0.57129217286192
6;4;-5.61787124651
6;4;-0.2683448786702
6;4;0
6;4;-0.1449768047042
6;4;-0.0683164048787
6;4;-0.0301444638314
6;4;-0.0393259953912
6;4;0.12051680844628
6;4;-0.0627109321929
6;4;-0.0273967915227
6;4;1.25823195895747
6;5;0.56720348792744
6;5;-0.2522538215252
6;5;-0.2293234909828
6;5;-0.0310004146181
6;5;0.10006111250721
6;5;-0.6509569185445
6;5;-1.0578755036429
6;5;0
6;5;0.48836060559906
7;1;-4.0536450833049
7;1;5.77109042590641
7;1;2.22797103967273
7;1;6.46112367186989
7;1;1.21674817790575
7;1;6.21238128018631
7;1;3.61074539160058
7;1;1.44324365962932
7;1;3.32094552380559
7;1;6.1299542216127
7;1;0.87667646657524
7;1;0
7;1;0.0932129651918
7;1;-2.7268099685628
7;1;-1.3152705083082
7;1;-3.1571266623903
7;1;-1.1413464125932
7;1;-3.1977007372621
7;1;-2.1815283908353
7;1;-1.5519656683624
7;1;-1.9040496669745
7;1;-2.6874529857769
7;1;-1.5390829669647
7;1;-0.2254651374689
7;1;0.47151934507102
7;1;0.02213700510911
7;1;0.29740730048811
7;1;0
7;1;-0.1257930090044
7;1;0
7;1;0
7;1;0
7;1;-0.2995256300497
7;1;0
7;1;0
7;1;0
7;1;0
7;1;0
7;1;1
7;2;-0.2876729850807
7;2;-0.2327591796796
7;2;0.04539116297452
7;2;-0.0294862033451
7;2;-0.0052166497978
7;2;-0.2191894565227
7;2;-0.1082177113768
7;2;-0.1422601924602
7;2;-0.392483391477
7;2;-0.0502364306726
7;2;0.14187709601097
7;2;0
7;2;0.02544128282783
7;2;0.01174078029132
7;2;0.03076499541803
7;2;0.01989322881367
7;2;0.02750882183705
7;2;0.0184699119772
7;2;0.03148431176297
7;2;0.01230446483017
7;2;0.03605390771001
7;2;0.03266059868692
7;2;0.0251022344659
7;2;-0.000343684213
7;2;0.62068468195931
7;2;-0.0170559029614
7;2;-0.3475599381776
7;2;0.08157800665872
7;3;-2.6098606096943
7;3;0.71558458721937
7;3;0.3026932153688
7;3;1.46187645814449
7;3;0.10841805020297
7;3;1.13838993809104
7;3;0.31462798670237
7;3;-0.9162000000776
7;3;-0.356849243753
7;3;0.30379657763175
7;3;-0.5699079766748
7;3;0
7;3;0.7636259863623
7;3;-0.0820082216579
7;3;-0.128544772759
7;3;-0.1305345452278
7;3;-0.0841338050764
7;3;-0.0782823809856
7;3;-0.0331498570285
7;3;-0.0011697042406
7;3;-0.0305779145815
7;3;-0.1252336809183
7;3;-0.1215120036215
7;3;-0.0560674043004
7;3;0.17506221488385
7;3;0.23955372232598
7;3;0.06049384035974
7;3;0.46023711432265
7;3;0.12339165868909
7;3;0.11514285571905
7;3;0.17349222241611
7;3;0.41249240138727
7;3;0.15158527160123
7;3;0.55069964264448
7;3;0.35496643448315
7;4;-0.8099769612057
7;4;-1.6295615701333
7;4;-0.6726133529662
7;4;-0.1802117679115
7;4;-1.8327840533386
7;4;-0.4722056383694
7;4;-0.1235821428439
7;4;-2.0240513027359
7;4;-1.4481417514744
7;4;0.73940020225593
7;4;-0.8652791865784
7;4;0
7;4;-0.019836354502
7;4;-0.1380921971299
7;4;-0.107160303595
7;4;-0.0525082059187
7;4;-0.0463333021958
7;4;-0.0577385399742
7;4;-0.00387434555
7;4;-0.0313875964872
7;4;-0.136071491713
7;4;-0.0194410320889
7;4;-0.0352799826217
7;4;1.25750216514673
7;5;0.60956281613891
7;5;0.24841861957207
7;5;-0.2152680179078
7;5;0.29865877258685
7;5;-0.0503719000998
7;5;-0.188806260467
7;5;-0.2743398836189
7;5;0.09271671838855
7;5;-0.6713132464157
7;5;0.25671471306671
7;5;0.20590053648639
7;5;0
7;5;-0.024251778711
7;5;0.51732082693256
8;1;-3.923788797972
8;1;-0.35037722088
8;1;-0.3841581181142
8;1;0
8;1;1
8;2;-0.358557787708
8;2;-0.1398988404513
8;2;0.19327670406949
8;2;0
8;2;0.02966847283644
8;2;0.02055996064345
8;2;0.03816218617589
8;2;-0.000319162545
8;2;0.59802814630982
8;2;-0.0116060122299
8;3;-2.7937477811096
8;3;1.71552739638663
8;3;1.40842116167394
8;3;0
8;3;0.75662099542246
8;3;-0.0409749495547
8;3;0.10788831884296
8;3;0.02006736229554
8;3;0.39039889646074
8;4;-3.1653509067554
8;4;-0.324419943846
8;4;5.11829764733742
8;4;0
8;4;0.53180655637499
8;4;-0.6373955738641
8;4;0.291335979343
8;4;1.43439295914778
8;5;1.78843273804262
8;5;-1.5999439537298
8;5;-1.4317559121129
8;5;0
8;5;0.01454711660477
8;5;0.00970848108566
8;5;-0.082072463784
8;5;0.43564545634494
9;1;-1.3480969733396
9;1;2.23488510785251
9;1;0.96925528545671
9;1;5.11145554636201
9;1;4.70885400173159
9;1;1.33077748626463
9;1;6.02946043401316
9;1;3.12951639215623
9;1;0
9;1;0.05794152741831
9;1;-1.5051006067862
9;1;-0.9944006137529
9;1;-2.3591183936402
9;1;-2.1045894019815
9;1;-1.1548735437232
9;1;-2.3319024846606
9;1;-1.4027281372417
9;1;-0.2308233921897
9;1;0.66476719852362
9;1;-0.0142204897971
9;1;-0.0019063221729
9;1;1
9;2;-0.3044495050392
9;2;0.12872420136357
9;2;0.03858902155853
9;2;0.2260523570149
9;2;-0.2103874821597
9;2;-0.2417490726531
9;2;-0.0903808838882
9;2;0.32167599411895
9;2;0
9;2;-0.0076508169226
9;2;0.00410843196174
9;2;-0.0042447132113
9;2;0.01027230603644
9;2;0.00225887557834
9;2;-0.0031593214924
9;2;0.00359057803707
9;2;0.00520636710878
9;2;0.72700118930214
9;2;-0.0102822503008
9;2;-0.182985899514
9;2;0.08867573812637
9;3;-2.4803817653651
9;3;-2.1692600368951
9;3;-1.8677753968373
9;3;-1.9374277334866
9;3;-1.754441121296
9;3;-0.166916433607
9;3;-2.0025137200853
9;3;-2.1500994239084
9;3;0
9;3;1.05682871061296
9;3;-0.0357493994083
9;3;0.27933081493973
9;3;0.3080162791539
9;3;0.31542236779236
9;3;0.18950442058905
9;3;0.07993551141676
9;3;0.3726588912145
9;3;0.13415435433293
9;3;0.06811414838812
9;3;0.21465896540826
9;4;-1.5902937588733
9;4;-1.0596043848152
9;4;-1.0880005471127
9;4;-0.1210637320986
9;4;-0.7770657289299
9;4;-0.2874268461386
9;4;-0.6470684867323
9;4;-0.8294473857445
9;4;0
9;4;1.63660315395477
9;5;0.84182616217648
9;5;-0.0218008791011
9;5;0.59460301483915
10;1;1.58697582000247
10;1;0.09744395524116
10;1;0.13955310303477
10;1;0.11970213393766
10;1;0.06628988104071
10;1;0.34039259491332
10;1;0.12735510576706
10;1;0.11746576036989
10;1;0.11792478083464
10;1;0.15066196692935
10;1;0.08413829862058
10;1;0.20385919879058
10;1;0.09150540125194
10;1;0.25308900636855
10;1;0.10816792513599
10;1;0.09383685156062
10;1;0.02339779883218
10;1;-2.6750612330222
10;1;-2.6063845947885
10;1;-3.8765099514363
10;1;-1.1770942201587
10;1;-3.4874532004292
10;1;-2.7149735433817
10;1;-2.5857631435109
10;1;-2.7150972477341
10;1;-3.0544436163865
10;1;-1.8475310003496
10;1;-3.3883103163478
10;1;-2.3833991203037
10;1;-3.0377656144398
10;1;-2.9086684451832
10;1;-0.8262283734471
10;1;-0.1893786072499
10;1;0.63821845722577
10;1;-0.0052681310708
10;1;0.02881732872657
10;1;-0.018469982299
10;1;0.02700533133261
10;1;0.05647939293765
10;1;0.0298100114431
10;1;-0.0117344618007
10;1;0.04910766047165
10;1;-0.0327993608553
10;1;0.04863282379203
10;1;0.02853713283758
10;1;0.02736173513007
10;1;0.02769170342772
10;1;0.02962562084547
10;1;0.01894839758971
10;1;0.02074671666999
10;1;0.00045019164605
10;1;-0.0003456697497
10;1;0.0033384843663
10;1;-0.003058878037
10;1;0.00023401474944
10;1;-0.0001745623921
10;1;0.00006452942352
10;1;0.00011007046676
10;1;0.00102018027574
10;1;-0.0006113641011
10;1;-0.0007013416005
10;1;0.00018905256712
10;1;0.00046486376876
10;1;-0.0002743205416
10;1;-0.0034625127476
10;1;-0.005152263743
10;1;0.35777429134461
10;1;0.40295972127544
10;1;0
10;1;-0.2629355888132
10;1;0
10;1;0
10;1;0
10;1;0
10;1;-0.1340638509877
10;1;0
10;1;0
10;1;0
10;1;0
10;1;0
10;1;0
10;1;0
10;1;0
10;1;0
10;2;-0.9512757771199
10;2;0.33957545591298
10;2;0.40820925799669
10;2;0.29077150746669
10;2;0.11407413966971
10;2;0.85719580987285
10;2;0.3514955148354
10;2;0.40336298878905
10;2;-0.086184118237
10;2;0.03979664600402
10;2;-0.1813787778883
10;2;0.42936505631422
10;2;0.43273961443651
10;2;0.40055881436447
10;2;0.10949690878858
10;2;0.17313492376999
10;2;0
10;2;0.02431442534623
10;2;0.01507007958941
10;2;0.04292980549145
10;2;0.0352583506455
10;2;-0.0347610699733
10;2;0.02403173173499
10;2;0.02010401486985
10;2;0.05032218748981
10;2;0.02909006386879
10;2;0.03744531721332
10;2;0.02964687234479
10;2;0.03251287152074
10;2;0.00484144036519
10;2;0.04131063769523
10;2;0.03757426751021
10;2;0.03483539028715
10;2;-0.0004514516799
10;2;0.66700115004606
10;2;-0.0162714823174
10;2;-0.1538087884348
10;2;0.05849238816291
10;2;0.00029546501852
10;3;-5.0659431006992
10;3;2.28926476055461
10;3;3.90328601884916
10;3;-1.8728726566114
10;3;2.65525352565154
10;3;0.83536631768687
10;3;2.24362390239014
10;3;1.55360989318958
10;3;-0.0267802602296
10;3;-1.6518386018535
10;3;-1.1719900005433
10;3;-2.1703168945818
10;3;1.76231974819332
10;3;3.58265960400333
10;3;-2.3117116681996
10;3;4.05306053512383
10;3;0
10;3;0.76984351155325
10;3;-0.0470207826443
10;3;-0.066255791262
10;3;-0.0933900935644
10;3;-0.0535973004758
10;3;0.01142541593951
10;3;-0.032784795479
10;3;-0.006699549314
10;3;-0.0952516046315
10;3;-0.0650342290145
10;3;-0.0991734210531
10;3;0.00409381441313
10;3;-0.1426950009618
10;3;-0.1233976232061
10;3;-0.0010082203073
10;3;-0.0574848322114
10;3;-0.0725159976517
10;3;0.13924238084421
10;3;0.09732558386895
10;3;1.79652842233405
10;3;0.1372441844913
10;3;0.82600484886176
10;3;0.09435000868908
10;3;0.21675244625836
10;3;0.31245776336155
10;3;0.38734663858572
10;3;0.25497284741769
10;3;0.68274255945293
10;3;0.21938246078497
10;3;0.26619947239964
10;3;0.27348068533582
10;3;0.08572694292687
10;3;0.51546141917206
10;3;0.16733361264442
10;3;-0.4076153973574
10;3;0.60946860795977
10;3;-0.0482022404417
10;3;-0.2433128898365
10;3;0.2051586029098
10;3;-0.0119175453207
10;3;0.56125627619056
10;3;0.77975237864277
10;3;0.69322145742029
10;3;0.45065896970369
10;3;0.24246703383018
10;3;-0.2825928923517
10;3;0.62354735615549
10;3;0.03653091016386
10;3;0.30194221793012
10;4;-2.5162730211935
10;4;0.70788780555356
10;4;2.57177790658264
10;4;3.89587316727505
10;4;-0.3210949870048
10;4;0.71807442430167
10;4;0.33745797187331
10;4;0.15520384635044
10;4;0.22285222091959
10;4;-0.6734590389736
10;4;-0.2074722541239
10;4;-1.6344904533354
10;4;1.34464574542692
10;4;2.35497053549664
10;4;1.19013198075623
10;4;1.05658655964375
10;4;0
10;4;-0.0581472103672
10;4;-0.0453959682182
10;4;-0.0512904486621
10;4;-0.0592211858364
10;4;-0.0197641927332
10;4;-0.0500709989178
10;4;-0.0499991056832
10;4;-0.0702310103821
10;4;0.00974252431971
10;4;-0.0623267523679
10;4;-0.0346764174074
10;4;-0.0856093235937
10;4;-0.0905900062531
10;4;0.00710015806163
10;4;-0.0319682482125
10;4;-0.0462666930824
10;4;0.12984070769723
10;4;-0.5040870053772
10;4;-0.9240624639406
10;4;0.38723419267046
10;4;-0.2327885998545
10;4;0.3463304149408
10;4;0.1796864965822
10;4;0.21981598444407
10;4;0.15916558244771
10;4;0.37165691486721
10;4;0.39568417618588
10;4;0.23282639114129
10;4;-0.2545405761089
10;4;-0.2484473797051
10;4;0.24668132592512
10;4;0.26844936148698
10;4;1.41209128903651
10;5;0.40383364401211
10;5;0.42119445444568
10;5;0.21616503291218
10;5;0.35526517853408
10;5;0.3722003440765
10;5;0.25788835316339
10;5;0.25212169045514
10;5;0.43418662884454
10;5;0.46552357462345
10;5;0.00643916904289
10;5;0.29412819627617
10;5;0.43636615597454
10;5;0.45748067238365
10;5;0.07935028731859
10;5;0.39178251596386
10;5;0.36442725570605
10;5;0
10;5;-0.0183563470924
10;5;0.57746369036272
11;1;-0.3891205372632
11;1;-0.5840210440714
11;1;-0.2263258543361
11;1;-0.3738366777904
11;1;0.43668233258689
11;1;0.40861989293767
11;1;0.83423394809688
11;1;1.15137559750195
11;1;0.31459431471212
11;1;1.28129175054986
11;1;0.24139023771736
11;1;0.72190409917858
11;1;0.18348174557498
11;1;-0.5037338148131
11;1;4.08819753776636
11;1;-1.8207525495234
11;1;0
11;1;0.06084842676005
11;1;0.07794446774928
11;1;0.08015918940264
11;1;0.18732455645065
11;1;0.04899545908107
11;1;0.03559899974218
11;1;0.03620918386904
11;1;0.04936983103946
11;1;0.0211307190752
11;1;0.06733831567287
11;1;0.01143705374985
11;1;0.13733558631543
11;1;0.070579070745
11;1;0.11741595275031
11;1;0.18321385421104
11;1;0.05486081151592
11;1;-1.3838368160926
11;1;0.49273589569102
11;1;0.28087621781342
11;1;-0.0037091364912
11;1;0.00534881924979
11;1;0.03207853397329
11;1;0.02417986701237
11;1;-0.0049126985873
11;1;0.00797860187412
11;1;-0.007607031002
11;1;-0.0036792414175
11;1;-0.0020797183398
11;1;0.03426684417214
11;1;0.03125412777359
11;1;0.02898337139759
11;1;0.04608540785555
11;1;-0.0387787324998
11;1;0.0134869137565
11;1;0.08423951748068
11;1;-0.0016403026393
11;1;0.39003898763933
11;1;0
11;1;-0.5112337894964
11;1;0
11;1;0
11;1;0
11;1;-0.1896381365879
11;1;0
11;1;0
11;1;0
11;1;0
11;1;0
11;1;0
11;1;0
11;1;0
11;1;0
11;1;0
11;2;-0.6115161573746
11;2;0.17433848532015
11;2;0.02582449915313
11;2;-0.1239552265688
11;2;0.67604743119874
11;2;0.12199780592076
11;2;-0.0387784747785
11;2;-0.2538590210104
11;2;-0.2645397925138
11;2;-0.3192156904627
11;2;0.08655185601699
11;2;-0.0477773532938
11;2;0.01388811998232
11;2;-0.0031656904006
11;2;-0.0439553804409
11;2;0.40337886398538
11;2;0
11;2;0.01768911066828
11;2;0.01481218845025
11;2;0.03056097161884
11;2;-0.0457266765399
11;2;0.01512052716926
11;2;0.01800035273379
11;2;0.03258046117779
11;2;0.02092823955948
11;2;0.04169420365559
11;2;0.03011072672665
11;2;0.04203210108878
11;2;-0.0029027101595
11;2;0.03209746807204
11;2;0.03080150127395
11;2;-0.0105622670423
11;2;0.0243868243291
11;2;-0.0004241742635
11;2;0.70102710605475
11;2;-0.0150799718214
11;2;-0.2711517593881
11;2;0.00016651164183
11;2;0.0902150736699
11;3;-4.4355003955395
11;3;1.48202773153607
11;3;3.67802209070758
11;3;1.65585857009138
11;3;-1.2638757350913
11;3;1.57801872673338
11;3;-2.3308368688263
11;3;-3.6647865549873
11;3;-2.4368517319058
11;3;-0.9574506716254
11;3;0.56053380476663
11;3;-0.6962517990171
11;3;2.45611795197979
11;3;-3.3341546028941
11;3;2.70169806385706
11;3;1.82349631023059
11;3;0
11;3;0.79507058993204
11;3;-0.0345488902901
11;3;-0.0772026473868
11;3;-0.0363133141961
11;3;0.01875763743545
11;3;-0.0411167158335
11;3;0.03526484224178
11;3;-0.0348353698946
11;3;-0.0400227396334
11;3;-0.1169272644133
11;3;-0.1276727239904
11;3;-0.1044591996755
11;3;-0.0966144665831
11;3;-0.0417928955794
11;3;-0.0190444514647
11;3;-0.0703791945881
11;3;-0.0318603807526
11;3;0.22106350074723
11;3;0.0741769946755
11;3;0.13904553216722
11;3;1.82520111504866
11;3;0.13593373314994
11;3;0.56814095180744
11;3;0.29808360377222
11;3;0.60785496145663
11;3;0.34536649060582
11;3;0.15191584797794
11;3;0.24176630849093
11;3;0.32450821285765
11;3;0.90797599212495
11;3;0.03524979053302
11;3;0.82071884807046
11;3;0.28671820920021
11;3;-0.0825014843295
11;3;-0.3030741029482
11;3;0.03224788715045
11;3;-0.2365090350527
11;3;0.2437966395745
11;3;0.19619913770577
11;3;0.98783314413424
11;3;0.61452092412424
11;3;0.55278097578135
11;3;0.4502373044443
11;3;0.40525814996429
11;3;-0.3762187601647
11;3;0.60660110825191
11;3;0.15099241732637
11;3;-1.2486456113558
11;3;0.08333450627003
11;4;-2.0216551335818
11;4;-0.4774606787017
11;4;2.11391582277474
11;4;-0.0647462929508
11;4;0.27624392473006
11;4;0.10457079423175
11;4;-1.3655660247106
11;4;0.03884957929217
11;4;-1.1356376917529
11;4;-1.1696010914833
11;4;1.47773899053864
11;4;0.03432650234064
11;4;1.57174030670552
11;4;0.68747916699095
11;4;1.73692114188698
11;4;0.41491646935341
11;4;0
11;4;-0.0323439638417
11;4;-0.0631154351466
11;4;-0.0471786579853
11;4;-0.0083429369407
11;4;-0.0326634872707
11;4;0.01118348854864
11;4;-0.0950937142267
11;4;-0.0047231787759
11;4;-0.0240389827591
11;4;-0.0894578580693
11;4;-0.0468974566732
11;4;-0.0659351193975
11;4;-0.0332024227503
11;4;-0.041235316657
11;4;-0.058950495178
11;4;-0.0014486058287
11;4;0.11562236880136
11;4;-0.3842678878726
11;4;0.1226668820105
11;4;-0.3255016722211
11;4;0.22007251104356
11;4;0.02512113071543
11;4;0.10472393788772
11;4;0.10861730548959
11;4;0.29967302295719
11;4;0.11602578212142
11;4;0.07285296538063
11;4;-0.1695626010198
11;4;-0.1546657015159
11;4;-0.0046540546319
11;4;0.12446582229799
11;4;-0.1913481535558
11;4;1.5345216515026
11;5;0.55114868127646
11;5;0.14837207398279
11;5;0.13270138270545
11;5;0.24229837143166
11;5;-0.7932315758428
11;5;-0.0302849921453
11;5;-0.4858803567803
11;5;0.45564865696294
11;5;0.15843868294132
11;5;-0.0528567049077
11;5;0.42396022083699
11;5;0.5448271707182
11;5;-0.2243907496633
11;5;-0.05181495249
11;5;0.17951521640395
11;5;0.03367775356624
11;5;0
11;5;-0.0081774170431
11;5;-0.0222049330204
11;5;-0.014020548162
11;5;0.01621380417459
11;5;-0.0068146472027
11;5;0.00413264248572
11;5;-0.007779030566
11;5;-0.0274233886645
11;5;-0.0116459166238
11;5;-0.0229114239314
11;5;-0.023409778343
11;5;-0.012754533653
11;5;0.00545668743472
11;5;-0.0163472985977
11;5;-0.0271177820255
11;5;-0.0140283015727
11;5;0.61766452969979
12;1;-1.2801092679236
12;1;-0.1542118760122
12;1;-0.9072729923373
12;1;-0.5008960737766
12;1;-0.4901849668549
12;1;-0.4467325946509
12;1;-0.0228398547205
12;1;-0.8691744544059
12;1;0.22446983417211
12;1;1.05050241968281
12;1;-0.362661473162
12;1;-0.9271970546475
12;1;0.96469058838708
12;1;0
12;1;0.04631553062644
12;1;0.09105355100715
12;1;0.06020525963598
12;1;0.19647970184277
12;1;0.04746998185396
12;1;0.05429898253617
12;1;0.08710478807215
12;1;0.12049312003774
12;1;0.01337125351916
12;1;0.11824432181912
12;1;0.12161730151603
12;1;0.03616256441252
12;1;0.04250709442961
12;1;-1.3712585361095
12;1;0
12;1;0
12;1;0.25363503951789
12;1;0
12;1;0
12;1;0
12;1;0
12;1;0
12;1;0
12;1;0
12;1;0.33673277268636
12;1;0
12;1;0
12;1;-0.0226396709919
12;1;0.01384957412981
12;1;0.01509577781046
12;1;-0.0040761629031
12;1;-0.0035050329646
12;1;-0.0597958286198
12;1;0.02558830643448
12;1;0.04293076305968
12;1;0.00274130527676
12;1;0.04581236861872
12;1;0.02701786867784
12;1;-0.0117743467241
12;1;-0.0130290170228
12;1;0.24239092982833
12;1;1
12;2;-0.5273564854046
12;2;0.30712919683273
12;2;0.09299367710198
12;2;0.01609452756919
12;2;0.81197862580555
12;2;0.16555284584897
12;2;0.21078338188986
12;2;0.06463950160934
12;2;-0.1873758475319
12;2;-0.0127798925704
12;2;0.05330027762919
12;2;0.02933005037247
12;2;0.49637046736249
12;2;0
12;2;0.02640055869977
12;2;0.01906692386186
12;2;0.04197741091291
12;2;-0.0270770949095
12;2;0.02815321949595
12;2;0.0245113822029
12;2;0.02802419962577
12;2;0.02625482673708
12;2;0.04664668272786
12;2;0.01793403435383
12;2;0.04016000218469
12;2;0.00465371018762
12;2;0.03238718110559
12;2;-0.000549072
12;2;0.58893218150186
12;2;-0.0172035141597
12;2;-0.2984830885724
12;2;0.09710673513029
12;2;0.00020484770177
12;3;-8.2815867095431
12;3;5.13093057112562
12;3;6.30969039879709
12;3;5.4460071608451
12;3;2.53430768974876
12;3;4.51757136779956
12;3;2.94883291227668
12;3;-0.0781905797225
12;3;1.46901510352295
12;3;3.15450029269058
12;3;5.08514214808702
12;3;6.62050529439343
12;3;4.76510354025524
12;3;0
12;3;0.72488105543406
12;3;-0.0068202692464
12;3;0.31390139834968
12;3;0.24662193463044
12;3;0.22138371195573
12;3;1.13181302947411
12;3;0.4065052866291
12;3;0.33750504033129
12;3;0.29291209523884
12;3;0.34798447388247
12;3;0.27167151286119
12;3;0.3727074203366
12;3;0.21507731781062
12;3;0.53863608953489
12;3;0.58449572617311
12;3;0.041792726577
12;3;-0.2659093265813
12;3;-0.0823798588287
12;3;0.27149736417251
12;3;0.14430875966083
12;3;0.40692864463292
12;3;1.07684467695474
12;3;0.56395446444152
12;3;0.25978038788439
12;3;-0.2161516587031
12;3;-0.0324069811507
12;3;-0.5740668835807
12;3;0.97096144730766
12;4;-1.6258716800522
12;4;-0.3692509721402
12;4;1.4178574520236
12;4;0.03539415595971
12;4;-2.3386326818009
12;4;0.43312164162153
12;4;-0.0959317912331
12;4;-4.8430493323318
12;4;-1.2743753618208
12;4;-1.0358983230202
12;4;0.49353076138973
12;4;1.3601570450992
12;4;-0.5853417622463
12;4;0
12;4;-0.044322438909
12;4;0.15498820062462
12;4;-0.2711964575026
12;4;-0.0665007582748
12;4;0.95043871352938
12;4;0.10102560402634
12;4;-0.1144902750538
12;4;1.13497020280834
12;4;0.33454763811369
12;4;0.71735156715186
12;4;0.09665056758886
12;4;0.03991273622866
12;4;0.05217193660086
12;4;-0.1099877361414
12;4;1.61939511741192
12;5;0.80426061498428
12;5;-0.0113820520117
12;5;-0.3707799707066
12;5;0.2654953715662
12;5;-0.8592190533076
12;5;-0.3213177513954
12;5;-0.024791237977
12;5;0.13600072443891
12;5;-0.3340064779769
12;5;0.20995772155373
12;5;-0.2792209113901
12;5;0.0940528348383
12;5;-0.1695330013401
12;5;0
12;5;-0.0122739773196
12;5;-0.0141453862481
12;5;-0.0372525596664
12;5;0.00873945222987
12;5;-0.0064653743502
12;5;-0.0232786622508
12;5;-0.0240161161329
12;5;-0.0152975901879
12;5;-0.0186991599572
12;5;-0.0117764977751
12;5;-0.0265878326101
12;5;-0.0036582761831
12;5;-0.0365854919289
12;5;0.64704721189621
13;1;-1.3144025461807
13;1;0.39510919319063
13;1;-0.3849836879983
13;1;0.28208251564646
13;1;-1.109696120472
13;1;-2.878958091816
13;1;-0.6555482522883
13;1;0.82419030447825
13;1;-4.7860004451339
13;1;2.38638032163258
13;1;-2.778955823059
13;1;-2.3985559035591
13;1;-1.3375390776242
13;1;0.68697840168642
13;1;0
13;1;0.08516466826834
13;1;-1.6690323784072
13;1;-0.9808293805941
13;1;-1.6529253390308
13;1;-1.2471885581237
13;1;-0.8289269941293
13;1;-1.4718866613385
13;1;-2.0071179596024
13;1;-0.4553081077904
13;1;-2.517932785757
13;1;-0.1715803682638
13;1;-0.6843701665129
13;1;-0.7882166847407
13;1;-1.8218649399565
13;1;-1.8184768414802
13;1;1.14640562299501
13;1;0
13;1;0
13;1;0
13;1;0
13;1;0.10302789356766
13;1;0
13;1;0
13;1;0
13;1;0
13;1;0
13;1;0.36882394518338
13;1;0
13;1;0
13;1;0
13;1;0.00771657383982
13;1;0.00071009081881
13;1;-0.0200068133375
13;1;0.00766427879357
13;1;0.03650275330653
13;1;0.01103761363574
13;1;0.0408944398469
13;1;0.10896161486036
13;1;-0.0229266861221
13;1;0.04480834798144
13;1;0.02341195659387
13;1;0.03664932723316
13;1;0.02034246049929
13;1;0.00616480593166
13;1;0.30450246985753
13;1;0
13;1;0
13;1;0
13;1;-0.3082388154946
13;1;0
13;1;0
13;1;0
13;1;0
13;1;0
13;1;0
13;1;0
13;1;0
13;1;0
13;1;0
13;2;-0.5766571795805
13;2;-0.0014993454924
13;2;-0.500590802725
13;2;-0.0623729383037
13;2;0.13537156432559
13;2;0.26795720620405
13;2;0.2960876344671
13;2;0.08782469923533
13;2;0.11012954343511
13;2;0.10430376744402
13;2;0.33208034500194
13;2;0.21483065299811
13;2;0.01894633130755
13;2;0.34790538108686
13;2;0
13;2;0.05403482071716
13;2;0.05871651800035
13;2;0.0524767266114
13;2;0.03220370275385
13;2;0.04488151537802
13;2;0.03498599782341
13;2;0.05512891759022
13;2;0.04576568165817
13;2;0.06573164494134
13;2;0.00521389553676
13;2;0.0470358672044
13;2;0.03737383548033
13;2;0.02462435338174
13;2;0.05133540174521
13;2;-0.0008148327646
13;2;0.57285239143703
13;2;-0.0156971627232
13;2;-0.2684421518308
13;2;0.14522622790364
13;3;-6.3835927460263
13;3;0.1511603328706
13;3;-3.2751159508504
13;3;-0.0006859745737
13;3;4.90435315769282
13;3;4.95849330643947
13;3;1.22592670865513
13;3;3.47826319857515
13;3;2.13230540125015
13;3;0.42367560408915
13;3;3.29049897746302
13;3;5.93939365338241
13;3;1.68957686897444
13;3;2.57020877074803
13;3;0
13;3;0.66025001495399
13;3;-0.0119154136039
13;3;-0.0593695791726
13;3;-0.0321427253444
13;3;-0.04116332182
13;3;-0.0599383346659
13;3;-0.0120516197515
13;3;-0.1147035983859
13;3;-0.2893734779476
13;3;-0.0736284476369
13;3;-0.0666042647549
13;3;-0.0545765830232
13;3;-0.0876858830444
13;3;-0.0462466869401
13;3;-0.0229311406005
13;3;0.26551255776595
13;3;0.15084762998569
13;3;0.70261889490762
13;3;0.07101851335655
13;3;0.08910555649074
13;3;0.27129435706665
13;3;0.10920519819188
13;3;0.31263029643629
13;3;0.49406555939171
13;3;0.29241474495666
13;3;0.0312771923645
13;3;0.55393163853854
13;3;0.4684214037955
13;3;0.26136333742282
13;3;0.57148999506594
13;3;1.30898665142408
13;3;0.49261002101909
13;3;-0.0220349164515
13;3;-0.0981162802334
13;3;0.5921551172867
13;3;0.27738854928477
13;3;-0.0953161664002
13;3;0.48607246875761
13;3;0.05562134465364
13;3;-0.0191694571449
13;3;0.14964375815061
13;3;-0.4046443964999
13;3;0.56144421565243
13;4;-2.06268080696
13;4;-0.4813278084155
13;4;1.94442149520382
13;4;-0.0401476824058
13;4;1.52629657037892
13;4;0.95738465964464
13;4;-0.2465921730157
13;4;1.60395380242052
13;4;0.34556066134969
13;4;-0.1826261308226
13;4;0.76108097910861
13;4;2.31750251677389
13;4;1.25552223434876
13;4;0.25431279614467
13;4;0
13;4;-0.0137800478991
13;4;-0.1387936744325
13;4;-0.1021128047919
13;4;-0.0446567667988
13;4;-0.0444636700761
13;4;-0.0166542278191
13;4;-0.0645814787166
13;4;0.04413602673648
13;4;-0.1550902058396
13;4;-0.0606116280773
13;4;-0.0381322316553
13;4;-0.0425215834608
13;4;-0.0133494423121
13;4;0.04989653131527
13;4;0.10129169198251
13;4;0.03007243560035
13;4;-0.1405753350087
13;4;-0.146133133089
13;4;-0.0744600761449
13;4;0.20025293941092
13;4;0.06005320439319
13;4;0.05377957656447
13;4;0.45203342923183
13;4;0.06775615676931
13;4;-0.0944749336549
13;4;-0.4145527056964
13;4;-0.2907558897493
13;4;-0.6790405201147
13;4;1.55331193218761
13;5;0.89975637567318
13;5;-0.4418965503696
13;5;-0.2901063929566
13;5;-0.1030439378007
13;5;-0.486266465391
13;5;-0.0368410885281
13;5;-0.6047135992486
13;5;-0.2353477035178
13;5;0.41618941267432
13;5;0.27551584762173
13;5;-0.6147226656781
13;5;-0.1932464792451
13;5;-0.5915683677814
13;5;-0.42130597385
13;5;0
13;5;-0.0122078334104
13;5;-0.0766877112181
13;5;-0.0347995643189
13;5;-0.0159676685874
13;5;-0.0292996265217
13;5;-0.0004850959552
13;5;-0.0112732389217
13;5;-0.0922248888325
13;5;-0.0387753524591
13;5;-0.0088318860261
13;5;-0.0246394892174
13;5;0.00645163605734
13;5;-0.0053524606534
13;5;-0.025545971538
13;5;0.58520170078237
14;1;-2.9004849227299
14;1;-1.3879221607173
14;1;-0.7491091069635
14;1;-0.3282706151179
14;1;2.63486801718862
14;1;0.4137124956623
14;1;2.86406132774014
14;1;-0.141687405878
14;1;0
14;1;0.04904996389353
14;1;0.0081105980709
14;1;-0.0519415430152
14;1;-0.1196606334791
14;1;-0.0284494642372
14;1;-0.088341613834
14;1;-0.0164689164741
14;1;0.02430561898251
14;1;1.45656206440446
14;1;0
14;1;0.2939269053972
14;1;0
14;1;0
14;1;0
14;1;0
14;1;0
14;1;0.44076107108738
14;1;0.04745771984139
14;1;0.03346361609796
14;1;0.01013130852457
14;1;-0.0068566557652
14;1;0.03892296415091
14;1;-0.0371789613241
14;1;0.00017163343079
14;1;0.00371730802
14;1;-0.0016652705587
14;1;-0.1770901632217
14;1;0.28875817252378
14;2;-0.0171992411495
14;2;-0.1473502369125
14;2;-0.1086036012078
14;2;-0.1040799440366
14;2;-0.0867336437786
14;2;-0.3064346362719
14;2;-0.6109792080879
14;2;-0.4285254132137
14;2;0
14;2;0.02974926384235
14;2;0.04933959864513
14;2;0.04162765423016
14;2;0.03120073446263
14;2;0.05424672533927
14;2;0.05873840665115
14;2;0.0609522273858
14;2;0.04588859689703
14;2;-0.0008251337877
14;2;0.4811928371984
14;2;-0.0172815118796
14;2;-0.2674743293639
14;2;0.08385786013157
14;3;-3.2957161318078
14;3;0.97798397383593
14;3;0.01476900298542
14;3;-0.2986268483135
14;3;-2.3182837015748
14;3;-1.7955918029884
14;3;-1.1952572442797
14;3;-7.0007466484794
14;3;0
14;3;0.92152421475138
14;3;-0.0079536500314
14;3;0.23827136516702
14;3;0.25809395319925
14;3;0.41261548825037
14;3;1.13779380299378
14;3;0.29032411676896
14;3;0.59411988952371
14;3;0.45913498000585
14;3;0.24216451173129
14;3;-0.0485375031216
14;3;0.05713725178359
14;3;0.2320985194088
14;3;0.31485823400958
14;3;0.32663943245128
14;3;-0.2336137060435
14;3;1.81453462920107
14;3;0.65072906156025
14;4;-0.9112675517625
14;4;0.40667127673467
14;4;-0.8674392228068
14;4;-0.432114823974
14;4;-1.5164805861693
14;4;-0.9268372073294
14;4;-1.7104541318583
14;4;-0.4013111503056
14;4;0
14;4;-0.0385305963062
14;4;-0.2532269477283
14;4;0.29211561862777
14;4;0.20694071944886
14;4;0.50240864705222
14;4;0.45038947580453
14;4;-0.558173565663
14;4;-0.3750960446689
14;4;0.46559538452989
14;4;1.38781103625283
14;5;0.67177179872102
14;5;-0.3317666610794
14;5;0.27586086485937
14;5;-0.3359680158161
14;5;-0.172876252244
14;5;-0.134664981437
14;5;-0.4400423437779
14;5;0.21337237949499
14;5;0
14;5;-0.0144761198658
14;5;0.62552372700955
15;1;-4.4889001697092
15;1;0.40780123040871
15;1;1.63016801451162
15;1;0
15;1;0.00946932967839
15;1;-0.1187358748169
15;1;0.03920804042667
15;1;1
15;2;0.04418766092584
15;2;-0.3604168913391
15;2;-0.1437206527913
15;2;0
15;2;0.0409761167645
15;2;0.02506611490046
15;2;0.03657321827506
15;2;-0.0005066497894
15;2;0.70916842446758
15;2;-0.023798016527
15;3;-1.674971743989
15;3;0.54909434838858
15;3;1.24278540805996
15;3;0
15;3;0.49849459641735
15;3;-0.0353741147908
15;3;0.06743681187227
15;3;0.03239280699856
15;3;0.25308709981717
15;4;-0.7883975402951
15;4;-0.4775247876832
15;4;0.14810531020891
15;4;0
15;4;1.52293600661619
15;5;1.30666076466413
15;5;0.05326593153844
15;5;-0.2024771801941
15;5;0
15;5;-0.0308652386005
15;5;0.78775685157094
17;1;-2.3708061038167
17;1;1.67217457287187
17;1;-0.0353965636232
17;1;0.74105975304941
17;1;2.28160264528235
17;1;2.13694190460728
17;1;2.74179806499111
17;1;-0.2052103886594
17;1;0.65538856051919
17;1;0
17;1;0.02825088114727
17;1;0.11951908843623
17;1;0.06834143293161
17;1;0.0264674824429
17;1;0.03464808287485
17;1;0.02163917856654
17;1;0.11624106640074
17;1;0.14851067312256
17;1;0.07602910819505
17;1;-1.4378168011379
17;1;0.40685247570346
17;1;0
17;1;0.21726230424841
17;1;0
17;1;0
17;1;0
17;1;0
17;1;0
17;1;0.31490866382872
17;1;0
17;1;0.016831845412
17;1;-0.0136659749842
17;1;0.00138978283308
17;1;0.29212345019947
17;2;-0.6391479874164
17;2;0.16578129959328
17;2;-0.0981598934493
17;2;0.36708302139017
17;2;0.08123984773944
17;2;-0.0691135585285
17;2;0.37051244077724
17;2;-0.0295960716202
17;2;0.14523732175443
17;2;0
17;2;0.01225632210467
17;2;0.03316174117207
17;2;0.0128383575542
17;2;0.02053840015328
17;2;0.01417320857071
17;2;0.01904593870455
17;2;0.04503380191042
17;2;0.02412255884062
17;2;0.0337607311296
17;2;-0.0005057298403
17;2;0.64344112605105
17;2;-0.0068490400229
17;2;-0.1052877366298
17;3;-2.0724533112143
17;3;-0.808598476528
17;3;-0.5377835550673
17;3;-1.2380366211678
17;3;-1.4236785577111
17;3;-1.6325794977623
17;3;-1.5643917030556
17;3;-1.8169873328857
17;3;0.50156282944938
17;3;0
17;3;0.51746636022737
17;3;-0.004014520728
17;3;0.43740172269619
17;3;0.20607005299801
17;3;0.28028136605589
17;3;0.45377009691329
17;3;0.55476132164355
17;3;0.35901185280591
17;3;0.48601996317329
17;3;0.1800750591206
17;3;0.23444194858336
17;4;-1.1808631646348
17;4;0.68193414007092
17;4;1.19964462075728
17;4;-1.8568592976294
17;4;-1.4976384848592
17;4;-1.7767927891631
17;4;-2.9537539514648
17;4;-2.2573292409355
17;4;-0.3684713601922
17;4;0
17;4;-0.0309497838989
17;4;-0.036245224229
17;4;-0.0686844805984
17;4;-0.0897708820835
17;4;-0.0269010420759
17;4;0.01241610408092
17;4;-0.1079457766683
17;4;-0.0100440222311
17;4;-0.0059427824765
17;4;-0.3760123126147
17;4;-0.4731946441869
17;4;0.64329559395591
17;4;0.39166406371064
17;4;0.40658189830192
17;4;0.26042720731906
17;4;0.56106653965426
17;4;0.18002721771964
17;4;0.14469717901171
17;4;1.17960857493561
17;5;0.49272058332514
17;5;-0.2041187039498
17;5;-0.3266231454995
17;5;0.10455456190789
17;5;-0.1444487973993
17;5;-0.8116148391543
17;5;0.16771812754668
17;5;-0.0370609333104
17;5;-0.1845168660765
17;5;0
17;5;-0.0087543342318
17;5;0.56150635150461
18;1;-4.070698346873
18;1;-1.3117828224517
18;1;-1.0931284162681
18;1;-1.0407912546065
18;1;0
18;1;0.05406728870514
18;1;0.03861850754936
18;1;-0.0040098683156
18;1;0.04296339104766
18;1;0.09893962038545
18;1;-0.0300924228272
18;1;0.0706436297518
18;1;-0.0306663928068
18;1;0.05234635159442
18;1;-0.0194527058752
18;1;-0.2825395027078
18;1;0.19835587597563
18;1;1
18;2;0.11533373050059
18;2;-0.3607842202838
18;2;-0.1450571079074
18;2;-0.6924927799824
18;2;0
18;2;0.00302633384993
18;2;-0.0089591510671
18;2;0.0142724233992
18;2;-0.0115182751231
18;2;0.45691360539536
18;2;-0.0294780480757
18;3;-5.9488100142021
18;3;0.45355088023557
18;3;3.82338500048489
18;3;2.04633778563598
18;3;0
18;3;0.9954910200089
18;3;-0.0099629909113
18;3;0.49094755547034
18;3;0.23790822847596
18;3;0.22017477555249
18;3;1.26135319879657
18;3;0.23930452884246
18;4;-3.0744447997945
18;4;-1.1258004935393
18;4;2.07758221740061
18;4;2.62401990000516
18;4;0
18;4;0.16356048327903
18;4;-0.0063778436278
18;4;-0.0910658395068
18;4;0.07980590559946
18;4;-0.1513614981806
18;4;0.13556829412994
18;4;0.18597569950799
18;4;0.12035324247563
18;4;0.97235751103168
18;5;0.35485898221768
18;5;-0.4603566616727
18;5;-0.3626308353508
18;5;0.11255761227481
18;5;0
18;5;-0.0373566102035
18;5;-0.0291907921338
18;5;-0.0913617520109
18;5;-0.0311687944274
18;5;0.137128529799
18;5;0.4283645803711
19;1;-1.6420410660268
19;1;3.67450407584927
19;1;0.04056630273032
19;1;-2.6180773041028
19;1;9.75899171890128
19;1;-2.8567449232947
19;1;3.92302108413634
19;1;0.36946572912461
19;1;5.89970582213119
19;1;0
19;1;0.12292259817197
19;1;-2.9907330599668
19;1;-1.6948174149733
19;1;-0.827965348306
19;1;-5.6442440801845
19;1;-1.1666159860916
19;1;-3.0258320192286
19;1;-2.1765428612638
19;1;-3.7539705148273
19;1;-1.3127699187194
19;1;0
19;1;0
19;1;0.00978019026318
19;1;0
19;1;0
19;1;0
19;1;0
19;1;0
19;1;0.36609907176841
19;1;0.04449735476478
19;1;0.02272175530556
19;1;0.02080884633687
19;1;-0.0287567374071
19;1;0.00533798847876
19;1;0.02571234066728
19;1;0.0789795146749
19;1;-0.0293525607183
19;1;-0.0102748824224
19;1;1
19;2;-0.4960581839487
19;2;-0.4208444150063
19;2;-0.2354349529269
19;2;0.06077737268225
19;2;0.14591033719109
19;2;0.16363532685072
19;2;-0.4385918532206
19;2;-0.6440245195057
19;2;0.30426538097899
19;2;0
19;2;0.04636434937823
19;2;0.0223962503505
19;2;0.02082359173229
19;2;0.01295173800861
19;2;0.02464982836523
19;2;0.05103224107602
19;2;0.05379960882566
19;2;0.04280877412822
19;2;0.029846995282
19;2;-0.0006837036223
19;2;0.52569747672034
19;2;-0.0126742933642
19;2;-0.163026092804
19;2;0.09930580100033
19;3;-3.868739012701
19;3;-2.9125538878742
19;3;-1.0451797606318
19;3;2.80377196541589
19;3;-3.9987541296369
19;3;-1.218643525278
19;3;-1.1110819604017
19;3;0.8592806820738
19;3;-2.8251943466821
19;3;0
19;3;0.91626447684214
19;3;-0.0011860108718
19;3;-0.0190673383889
19;3;-0.0671661866324
19;3;0.00609901047671
19;3;-0.1392422915187
19;3;-0.0746884083084
19;3;-0.2264371010543
19;3;-0.1108447361629
19;3;-0.0093049735144
19;3;0.44460452196949
19;3;0.31981656321745
19;3;0.05192220738154
19;3;0.92190949810646
19;3;0.57347213863175
19;3;0.16336254301791
19;3;0.11853317621925
19;3;0.86185338365312
19;3;0.25780295152039
19;3;0.42056465246857
19;3;0.53565465813988
19;3;0.044815753576
19;3;1.04294453039751
19;3;0.4130270641483
19;3;0.52707545750385
19;3;0.27816241622266
19;3;0.950573525604
19;3;0.1149429857891
19;4;-2.3848863799546
19;4;0.96109784682649
19;4;0.49657253418188
19;4;2.09831627431777
19;4;-0.9644019151167
19;4;0.33988314977539
19;4;0.5443787083767
19;4;1.96651070310216
19;4;-1.2070002169642
19;4;0
19;4;-0.118405664048
19;4;-0.0230967117374
19;4;-0.0295971408465
19;4;-0.002049193359
19;4;-0.0372267613816
19;4;-0.049090694933
19;4;-0.0738540232641
19;4;0.03599567840958
19;4;-0.0042319617886
19;4;-0.2355081321534
19;4;0.07125243159827
19;4;0.11324520334835
19;4;0.43130900998923
19;4;0.25478908993969
19;4;0.24806173566131
19;4;0.14266811901801
19;4;-0.0358690007697
19;4;0.26397838062026
19;4;1.16506123459499
19;5;-0.1886970582731
19;5;0.13070485697532
19;5;0.10127454261494
19;5;0.11009566310427
19;5;-0.4644237730801
19;5;0.61910438201093
19;5;0.19314328641767
19;5;0.55824067068027
19;5;0.91352323913119
19;5;0
19;5;-0.0084436211171
19;5;-0.0211007273008
19;5;-0.014928508137
19;5;0.02021001177498
19;5;-0.0061768042536
19;5;0.00793590350977
19;5;-0.0390153843495
19;5;-0.0383380173665
19;5;-0.0000496949424
19;5;0.15268960589486
19;5;0.50011354567874
20;1;-2.5074842130295
20;1;-0.3245624034459
20;1;-0.9208010521918
20;1;0.44423135082903
20;1;-3.7364228411872
20;1;-0.7504856855641
20;1;0
20;1;0.00316224463862
20;1;0.04592589015915
20;1;-0.0304584316292
20;1;0.12782800356937
20;1;0.03210719792163
20;1;0.06170971917634
20;1;0.04867047213231
20;1;0.00047253291455
20;1;0.01974824995203
20;1;0.14747329470663
20;1;0.01544896376039
20;1;0.00602213175517
20;1;-0.0013309155651
20;1;1
20;2;-1.2339744182038
20;2;0.23819193941026
20;2;0.0626485393817
20;2;-0.162343284433
20;2;0.06156803986339
20;2;-0.3036821655591
20;2;0
20;2;-0.0222973806112
20;2;-0.0051153411405
20;2;0.01442647464503
20;2;0.01710470193121
20;2;0.02207852663295
20;2;0.0052120868477
20;2;0.47581559092624
20;2;-0.0031257652632
20;2;0.00072025009584
20;3;-3.8374710764725
20;3;-1.8190872317556
20;3;3.09852298616017
20;3;-2.2215518953042
20;3;0.08256857659119
20;3;-0.6669167188351
20;3;0
20;3;0.78141549193447
20;3;-0.0270563697551
20;3;-0.1034696862664
20;3;-0.0821458740766
20;3;-0.0933705627932
20;3;-0.183730494621
20;3;0.00724044220725
20;3;0.5613778682386
20;3;0.05397092397467
20;3;0.40387295255838
20;3;0.31439991704971
20;3;0.28617321317942
20;3;0.28889307010414
20;3;0.51096448117984
20;3;-0.0323040137756
20;3;0.69518276891031
20;3;0.04584628491802
20;3;0.49307224691199
20;3;0.17386505853273
20;4;-2.7241847054382
20;4;-0.12026520715
20;4;1.99232413116082
20;4;1.09986436559352
20;4;0.66593020473783
20;4;-0.0548545458902
20;4;0
20;4;-4.4540980872486
20;4;-0.582295719407
20;4;3.82586482085041
20;4;2.09845407587166
20;4;3.78080648070356
20;4;3.43075119994541
20;4;0.16852387591729
20;4;0.20451464798213
20;4;-0.129784046015
20;4;0.07213890254392
20;4;0.13481892684536
20;4;0.12860841117856
20;4;1.03850765521328
20;5;-0.1725809235395
20;5;0.56742651149755
20;5;-0.1388002713379
20;5;0.87589946666184
20;5;0.38678203241672
20;5;0.37396274766912
20;5;0
20;5;-0.0554517342706
20;5;-0.0194310250356
20;5;-0.0451746948357
20;5;-0.0220011487328
20;5;-0.0238056843956
20;5;-0.0085906449549
20;5;0.15590247077096
20;5;0.43518180011733
21;1;0.95805160437451
21;1;0.10179456691962
21;1;0.10555163941589
21;1;0.09048743121504
21;1;0.06154058979276
21;1;0.09737421085806
21;1;0.04732142459692
21;1;0.09897764164364
21;1;0.20397226838602
21;1;-1.7941405671143
21;1;0.3334995433292
21;1;0.0276444167646
21;1;0.02539576852304
21;1;0.0170558242495
21;1;0.01842467967408
21;1;0.02554230322475
21;1;0.02715759362372
21;1;-0.0130966365667
21;1;-0.0009703996322
21;1;-0.0021285079448
21;1;0.6532662611164
21;1;1
21;2;-0.4125213457212
21;2;0.05414432634176
21;2;-0.2768677145887
21;2;-0.0821237224756
21;2;-0.052010184373
21;2;-0.0127916164462
21;2;-0.2981840965132
21;2;0.00529561051298
21;2;0
21;2;0.01205592056506
21;2;0.02994909771474
21;2;0.01833990256386
21;2;0.02397517515232
21;2;0.03572336248293
21;2;0.04943511173669
21;2;0.02805658031306
21;2;0.0221911061423
21;2;-0.0005346645042
21;2;0.71483206855813
21;2;-0.0168254107311
21;2;-0.1445227796679
21;2;0.10024065602098
21;3;-1.8887161710551
21;3;-0.7268061463641
21;3;-0.1383213760535
21;3;0.01199046002435
21;3;-2.2929327069493
21;3;0.29772674473534
21;3;0.30086850107546
21;3;-1.865175423132
21;3;0
21;3;0.84026665879059
21;3;-0.0667097501204
21;3;-0.0638907931205
21;3;-0.0384399439898
21;3;0.00987795400311
21;3;-0.1564696055083
21;3;-0.1046065126017
21;3;-0.0609679119639
21;3;-0.0143013056676
21;3;0.09551812388512
21;3;0.17618952188657
21;3;0.16410969828642
21;3;0.34307588229744
21;3;0.25874897690826
21;3;0.12063273614613
21;3;0.27223542842286
21;3;0.09353629708752
21;4;-1.5155355930368
21;4;-0.0261471727972
21;4;1.78374346501145
21;4;-0.3023447492706
21;4;3.10329276351721
21;4;-0.2460214787073
21;4;0.63212087909321
21;4;0.84156780843487
21;4;0
21;4;-0.0483818571214
21;4;-0.0249089926552
21;4;-0.0194549391197
21;4;-0.0259703930558
21;4;-0.045611760152
21;4;-0.0750734812459
21;4;-0.0310689790504
21;4;-0.0138906638776
21;4;-0.2586270947342
21;4;-0.6291588753704
21;4;0.01094438153323
21;4;-1.0840250073327
21;4;0.24331626828842
21;4;0.05516135095075
21;4;-0.4350332608101
21;4;0.15326510627878
21;4;1.35853416577762
21;5;0.56364596857542
21;5;0.19446150920513
21;5;-0.2256770171719
21;5;-0.2613093687573
21;5;-0.2836695226102
21;5;-0.1104105608525
21;5;0.46541902974493
21;5;0.34863276789513
21;5;0
21;5;-0.0394398758204
21;5;-0.0114778340868
21;5;-0.0083294801752
21;5;-0.0061472467138
21;5;0.0112192090395
21;5;-0.0377705873324
21;5;-0.0386091137928
21;5;-0.0148063882434
21;5;0.59625487549249
22;1;1.70166718696413
22;1;0.07362541130515
22;1;0.05042178796821
22;1;0.07196729827232
22;1;0.02549127184385
22;1;0.30346364091696
22;1;0.08169894189818
22;1;0.19157916168569
22;1;0.12613344285436
22;1;-0.0111667139949
22;1;0.04148725327562
22;1;0.04241507877014
22;1;0.12088098445941
22;1;-2.3203858680475
22;1;-1.0824852748992
22;1;-1.1665015779148
22;1;-1.5265343761409
22;1;-3.4206100947352
22;1;-2.4085533224284
22;1;-2.3442728822406
22;1;-2.5235898761959
22;1;-1.2549759552679
22;1;-1.4206531981693
22;1;-0.1871602845814
22;1;-2.7069129678772
22;1;0.71180523963905
22;1;0
22;1;0
22;1;0.25351638613038
22;1;0
22;1;0
22;1;0
22;1;0
22;1;0
22;1;0
22;1;0
22;1;0.35869763079883
22;1;0
22;1;0.00763057809181
22;1;0.00957793935711
22;1;0.01809294657699
22;1;-0.0092068610698
22;1;-0.0691735790173
22;1;0.00860298074393
22;1;0.01550096046891
22;1;0.04468501104729
22;1;-0.073672179173
22;1;-0.0455157637971
22;1;0.00558217869466
22;1;0.02024616150303
22;1;-0.0027748818864
22;1;-0.0005158220233
22;1;-0.0027427109575
22;1;-0.0032452412693
22;1;-0.0014478580463
22;1;0.00052724157801
22;1;0.00062743758975
22;1;-0.0003926730778
22;1;-0.0007309290732
22;1;-0.0008285119259
22;1;-0.0012332927026
22;1;-0.0040943091598
22;1;-0.0010811990589
22;1;0
22;1;-0.2716012792094
22;1;0
22;1;0
22;1;0
22;1;0
22;1;0
22;1;0
22;1;0
22;1;0
22;1;0
22;1;0
22;2;-1.0552646451268
22;2;0.3870981173775
22;2;0.22143673571077
22;2;0.0100887062469
22;2;0.23455721446834
22;2;0.14097945288708
22;2;0.09512564988775
22;2;0.14986426352612
22;2;0.12702583624216
22;2;0.01694057649856
22;2;-0.1306447864745
22;2;0.01941338623558
22;2;0
22;2;0.0171646146426
22;2;0.01686230169641
22;2;0.03648701903168
22;2;0.0227393082408
22;2;0.01086623044505
22;2;0.03226678798689
22;2;-0.0025329652721
22;2;0.03595936953152
22;2;0.05034035229504
22;2;0.04159577553354
22;2;0.03929596432674
22;2;0.03439928654716
22;2;-0.0005287149479
22;2;0.70217317261898
22;2;-0.01056232154
22;2;-0.2011921233975
22;2;0.08503691979946
22;2;0.00031016730005
22;3;-1.0009488301915
22;3;-3.5178713032822
22;3;-0.3026682034298
22;3;0.39913557326741
22;3;-1.6320062338204
22;3;-4.3168046363815
22;3;-3.4254221953794
22;3;-1.972993940394
22;3;-2.1194417383812
22;3;-2.4471473556433
22;3;-4.2878040190792
22;3;0.34810583304457
22;3;0
22;3;0.36665030877602
22;3;-0.0099234490399
22;3;-0.0397259060214
22;3;-0.0622699473206
22;3;-0.0508211893363
22;3;-0.0003323355363
22;3;-0.0315777728105
22;3;-0.0954803787134
22;3;-0.0903256940131
22;3;-0.0643115957017
22;3;-0.0592592123827
22;3;-0.0289559449229
22;3;-0.0489520636204
22;3;0.63080080210909
22;3;0.11348600915254
22;3;0.06644772865133
22;3;0.21555497846859
22;3;0.4643611592148
22;3;0.30484471430112
22;3;0.27842111195651
22;3;0.09071653609768
22;3;0.98224485569932
22;3;0.14704622340461
22;3;0.04916792992663
22;3;0.11045861949565
22;3;0.25606386811414
22;3;-0.0139302839409
22;3;-0.0999840087429
22;3;0.3757520767085
22;3;0.39347641654702
22;3;0.48102126946259
22;3;0.42237973731367
22;3;0.46095342432966
22;3;0.03703262074944
22;3;0.59108108648935
22;3;0.14770226627285
22;3;0.13290056258848
22;4;-1.6265443241287
22;4;-3.272668156911
22;4;0.20859748932268
22;4;-0.267885697817
22;4;-2.1140294663273
22;4;-2.5516888108607
22;4;-1.8023206520767
22;4;-0.2791261489236
22;4;-1.604106970713
22;4;-2.6129563990119
22;4;-0.2152754028427
22;4;0.14839376594981
22;4;0
22;4;0.39202746230108
22;4;-0.1612166501755
22;4;-0.1147397813612
22;4;0.49859871556063
22;4;0.42660008869221
22;4;0.16799047312428
22;4;-0.050731071233
22;4;0.50323057073946
22;4;0.4161143245141
22;4;-0.009847671804
22;4;0.1438743957043
22;4;0.05085014688962
22;4;1.63259494188229
22;5;-0.0415412098504
22;5;0.1632467696682
22;5;0.23362539584774
22;5;0.16546541165841
22;5;0.26794828516569
22;5;-0.2253451628738
22;5;0.80188606804249
22;5;-0.0184625054293
22;5;1.06068437360374
22;5;0.08164541057312
22;5;0.43374222365614
22;5;0.30995907433675
22;5;0
22;5;-0.0167512636683
22;5;-0.0206465311675
22;5;-0.0184417003676
22;5;-0.0216289536972
22;5;-0.0072394892902
22;5;-0.0371758204738
22;5;-0.0125470055126
22;5;-0.0564219079495
22;5;0.00673269583247
22;5;-0.021083025111
22;5;-0.0239521706561
22;5;-0.0135399112513
22;5;0.03000271297427
22;5;0.5745911385878
23;1;-4.8921966665358
23;1;0.81063396388878
23;1;0.68400464880945
23;1;0.00197366426803
23;1;1.45884847562669
23;1;-0.5925914048334
23;1;1.59648311619678
23;1;0.30222551937811
23;1;1.86018740087831
23;1;0.49339424095128
23;1;0.61884853408744
23;1;1.95398829242339
23;1;0
23;1;0.00801872307509
23;1;0.02979519629607
23;1;0.04710086611845
23;1;-0.0369802865773
23;1;0.07554237392119
23;1;-0.0197253486272
23;1;-0.0394566522248
23;1;-0.0554672275097
23;1;0.17583047207331
23;1;0.05677799616957
23;1;-0.0143170311844
23;1;-0.0048171670346
23;1;0
23;1;0
23;1;0.18300145881989
23;1;0
23;1;0
23;1;0
23;1;0
23;1;0
23;1;0
23;1;0.41722413039675
23;1;0
23;1;0
23;1;0.05339763055589
23;1;0.02719973296935
23;1;0.01966752386572
23;1;0.01629829576758
23;1;0.0523769302438
23;1;0.02501029485043
23;1;0.09065161098309
23;1;-0.0141661831149
23;1;0.01046987154427
23;1;0.01112505847124
23;1;0.03385814030428
23;1;0.01890847145317
23;1;-0.0075829945682
23;1;0.58213019832851
23;1;0
23;1;-0.2767547834946
23;1;0
23;1;0
23;1;0
23;1;0
23;1;0
23;1;0
23;1;0
23;1;0
23;1;0
23;1;0
23;1;1
23;2;-0.399013590287
23;2;-0.0694722216833
23;2;-0.1305953873466
23;2;0.2792766591637
23;2;0.0009970391586
23;2;0.09125429618099
23;2;-0.2800861666865
23;2;-0.1329923795119
23;2;0.49897488947197
23;2;-0.1337571134486
23;2;0.09308318990629
23;2;-0.4636393908413
23;2;0
23;2;0.01248810159858
23;2;0.00674902374203
23;2;0.00869859788614
23;2;-0.0029653795909
23;2;0.04041087263121
23;2;0.03481374054226
23;2;0.03581789617652
23;2;0.02494561040568
23;2;-0.0159981952487
23;2;0.0161771976554
23;2;0.02615029566665
23;2;0.02294548117302
23;2;-0.00039571709
23;2;0.54294255075431
23;2;-0.013706901622
23;2;-0.0120889729473
23;2;-0.0158561144654
23;2;0.00162362191971
23;2;-0.0272130937226
23;2;-0.0116936885178
23;2;-0.0218360126823
23;2;-0.0166411461496
23;2;0.00944574095451
23;2;-0.012204736691
23;2;-0.0096495773155
23;2;-0.0130307640893
23;2;-0.2661168009103
23;2;0.09130162963385
23;3;-6.5929772905748
23;3;-0.4909719952469
23;3;3.23053337574396
23;3;5.67721309066849
23;3;-0.3708191104186
23;3;1.72686398439902
23;3;2.3180876762455
23;3;1.95261179238959
23;3;0.33075800458002
23;3;0.43663589442499
23;3;4.90916360688717
23;3;-0.0096571234073
23;3;0
23;3;0.92666280058356
23;3;0.00498327531191
23;3;-0.0525665500435
23;3;-0.0768613832274
23;3;-0.0096079886771
23;3;-0.179046539519
23;3;-0.1239326635484
23;3;-0.1936236110368
23;3;-0.1168267813765
23;3;-0.0587802482625
23;3;-0.0356277516615
23;3;-0.0596183617365
23;3;-0.0958246341962
23;3;0.53953034842748
23;3;0.09994742033152
23;3;0.04897937111672
23;3;0.36506212658765
23;3;0.18464433846708
23;3;0.17732702867809
23;3;0.14656048322738
23;3;0.47892664682609
23;3;0.77191227609212
23;3;0.07355668373024
23;3;0.6098218022255
23;3;0.76743910512607
23;3;0.54913530140895
23;3;0.46081497882298
23;3;-0.0596728880723
23;3;1.00720041350615
23;3;0.22407814034663
23;3;0.51855311204132
23;3;0.32431954778012
23;3;0.79075594456897
23;3;0.60138219287989
23;3;-0.04905006236
23;3;0.53284759653499
23;3;0.66066236156333
23;4;-4.0054415705176
23;4;0.20604084963696
23;4;2.76144294586059
23;4;3.79933290592074
23;4;0.83014378972913
23;4;1.28842316300107
23;4;3.00803229533352
23;4;3.84240291640949
23;4;4.59010420454551
23;4;3.22734879159779
23;4;3.42886530748155
23;4;1.44376706727883
23;4;0
23;4;0.00047000329613
23;4;-0.0480176562723
23;4;-0.0528331222535
23;4;-0.0011209188944
23;4;-0.05165888769
23;4;-0.0566604260658
23;4;-0.0674182147355
23;4;-0.168932749211
23;4;-0.1178906883974
23;4;-0.0274514531854
23;4;-0.0101654927217
23;4;0.02516101990052
23;4;0.49655687475548
23;4;0.0284586685293
23;4;-0.0086760147101
23;4;0.28965308979257
23;4;0.93046497538503
23;4;0.03731282461933
23;4;-0.242590827627
23;4;-1.5208314640432
23;4;-0.3983787017359
23;4;0.09081187697496
23;4;0.18695237697102
23;4;0.47032547825559
23;4;1.14448400314833
23;5;-0.0038286288104
23;5;-0.2736951459004
23;5;-0.2720751968217
23;5;0.00491459542951
23;5;-0.3971926307648
23;5;0.23208758133789
23;5;0.0235611312186
23;5;0.29138162336763
23;5;0.47938781693566
23;5;-0.4386464793395
23;5;-0.1371011563215
23;5;-0.688830375568
23;5;0
23;5;-0.0036917984619
23;5;-0.0199747227513
23;5;-0.0295817130138
23;5;-0.011301828943
23;5;-0.0203809605616
23;5;-0.0340498112544
23;5;-0.0534930361604
23;5;-0.0187497787667
23;5;-0.0230306945935
23;5;-0.027097635697
23;5;0.01225570990796
23;5;-0.0176485964835
23;5;0.0308628612877
23;5;0.11684478494272
23;5;0.55786905405295
24;1;-2.3906442949622
24;1;-0.8451370211225
24;1;-0.9873073508205
24;1;-0.5371511795138
24;1;0.0546767671423
24;1;-2.6169776680507
24;1;0
24;1;0.70989920672066
24;1;0.64397039607489
24;1;0
24;1;-0.0221451803665
24;1;0
24;1;0
24;1;0
24;1;0.22151995316927
24;1;-0.0123977538884
24;1;-0.0011917744663
24;2;-0.3641836221143
24;2;0.09078767296473
24;2;0.17618380446759
24;2;0.12728293135926
24;2;-0.3785550195901
24;2;0.11292110526399
24;2;0
24;2;-0.0173309701472
24;2;-0.004998065162
24;2;-0.0135449552429
24;2;0.02139070204865
24;2;0.00351682014979
24;2;0.00880408049895
24;2;0.57902757947696
24;2;-0.0114148673289
24;2;-0.1601699606528
24;3;-2.0472353960945
24;3;-1.6579692409809
24;3;-0.1974972606103
24;3;-6.2993506134852
24;3;-3.3105850711599
24;3;-2.8791936973265
24;3;0
24;3;1.08559998676312
24;3;-0.0512921890181
24;3;-0.0679416107132
24;3;0.03436521455477
24;3;-0.1041256242194
24;3;-0.0553579348288
24;3;-0.0280735282764
24;3;0.22023982793227
24;3;0.07379917274166
24;3;0.40448280571912
24;3;0.49798974771479
24;3;0.14003078891134
24;3;0.06538478530332
24;3;0.14926892998079
24;3;0.04887558688851
24;3;0.7924946084617
24;3;0.38526843090517
24;3;0.45791496260757
24;3;-0.1323530011973
24;4;-1.0301368640604
24;4;-0.3729842146405
24;4;0.17747015504323
24;4;-3.1684996186579
24;4;1.00270869080212
24;4;-0.3990826936629
24;4;0
24;4;-0.0262067203453
24;4;-0.125220151585
24;4;-0.0442660313309
24;4;0.62575738195809
24;4;-0.327936203065
24;4;0.04422266826229
24;4;0.19738324298604
24;4;1.4630091846521
24;5;-0.1699547202248
24;5;0.02359495582254
24;5;-0.0159456854096
24;5;0.17090570115711
24;5;0.35344020244641
24;5;0.24279206334189
24;5;0
24;5;-0.0300579714389
24;5;0.03391693814731
24;5;0.09361674556138
24;5;0.57681439479733
25;1;-4.9281143401796
25;1;1.07652924246211
25;1;-0.3614724156465
25;1;2.08668548282346
25;1;2.22782158353195
25;1;2.31802744703638
25;1;-0.1450500448131
25;1;0
25;1;-0.005500044647
25;1;0.00503558739652
25;1;-0.1297072460626
25;1;-0.0183094783188
25;1;-0.0632240657404
25;1;0.00207742899243
25;1;0.02834985057087
25;1;0
25;1;-0.0985630484802
25;1;0
25;1;0
25;1;0
25;1;0
25;1;0.28229403002853
25;1;-0.025263626134
25;1;0.0581383950087
25;1;-0.0105519353276
25;1;0.00638859956705
25;1;0.05534351815171
25;1;0.00773092572676
25;1;0.05256706213384
25;1;0.64260765564921
25;1;0.67275640636566
25;1;0.75046326863374
25;1;-0.0912903965663
25;1;-1.3590054679353
25;1;-0.914577640951
25;1;0.29518711959694
25;1;1
25;2;-0.3181972915967
25;2;0.03213155164719
25;2;0.04217324243968
25;2;0.04043651695953
25;2;0.0260947537299
25;2;0.04550063449204
25;2;0.05476994340919
25;2;0.04724489548784
25;2;-0.0006445741278
25;2;0.60187627345695
25;2;-0.0221911254716
25;2;0.11620130688207
25;3;-1.2119649667092
25;3;-2.010002770112
25;3;-1.2224043092448
25;3;-1.9064337458095
25;3;-2.171143491349
25;3;-2.9371643699136
25;3;-2.8401389889581
25;3;0
25;3;1.16217669716902
25;3;-0.0513745236637
25;3;0.18499472207307
25;3;0.04669575494544
25;3;0.12493257166909
25;3;0.31136700132621
25;3;0.23974216770299
25;3;0.33765480409298
25;3;0.0422949393804
25;4;0.53808612905078
25;4;-3.4484364884603
25;4;-0.181451699168
25;4;-4.7264489252778
25;4;-4.0773743115907
25;4;-1.9351787391413
25;4;-4.9604131174601
25;4;0
25;4;-0.0566747874433
25;4;0.40167914446434
25;4;-0.1755456274217
25;4;0.85919676420552
25;4;0.60895890760795
25;4;0.23667964444072
25;4;0.75440593343936
25;4;-0.0703863718736
25;4;1.08929259547996
25;5;0.83239002128261
25;5;-1.0237245255178
25;5;0.04070710860142
25;5;-0.5030974105415
25;5;-0.4889943019184
25;5;0.08736089876772
25;5;-0.0209458414027
25;5;0
25;5;0.01043106765308
25;5;-0.0430584116021
25;5;0.00447253227515
25;5;0.00387652021955
25;5;-0.0197696942098
25;5;-0.0023090566627
25;5;-0.0293128078362
25;5;0.56663006166875
26;1;0.27787680726759
26;1;1.15572394952524
26;1;1.2117849708944
26;1;1.18074012191758
26;1;-0.0582920048884
26;1;-0.1134612063904
26;1;0
26;1;0.11683039943201
26;1;0.10634639532268
26;1;0.13120878032681
26;1;0.12032326277579
26;1;0.12836954222269
26;1;0.21724599237017
26;1;-2.865168393382
26;1;0.44410074693309
26;1;0.02028716834753
26;1;0.00497610597743
26;1;0.01266789034102
26;1;0.02442411967228
26;1;0.03416692878591
26;1;0.03586660937586
26;1;0.39991806834973
26;1;1
26;2;-0.2942539721241
26;2;0.10366747793065
26;2;0.05276265345746
26;2;-0.1072312490643
26;2;-0.0919018657939
26;2;-0.3548645502196
26;2;0
26;2;0.01647768613626
26;2;0.02281549229329
26;2;0.03168717246718
26;2;0.03738809305281
26;2;0.04129620348484
26;2;0.0291211440349
26;2;-0.0004110773647
26;2;0.5882013408447
26;2;-0.0126923814012
26;3;-0.8804901340292
26;3;-1.8202793300766
26;3;-1.7122576812278
26;3;-1.89733428073
26;3;-1.0036044374037
26;3;-2.0192064989331
26;3;0
26;3;0.9745744311554
26;3;-0.0644138328409
26;3;-0.0412809622581
26;3;-0.0126938583944
26;3;-0.0177373668067
26;3;-0.0519031284595
26;3;-0.0802842088711
26;3;0.27355872868363
26;3;0.13662157185635
26;3;0.1221205777987
26;3;0.00995287809941
26;3;0.10657631734667
26;3;0.08665654114663
26;4;0.1356744067336
26;4;-1.5060630044604
26;4;-1.4320089116063
26;4;-0.8401967894832
26;4;-0.8100481064361
26;4;0.05402136007137
26;4;0
26;4;-0.1263691710277
26;4;-0.0467647088619
26;4;-0.0559598991512
26;4;-0.0277849941708
26;4;-0.154947140333
26;4;-0.0757620868036
26;4;1.41683405810988
26;5;0.72883997601747
26;5;-0.0148212669677
26;5;0.61121957670505
