"reg_adm","annee","TENURE","tot","superficie_km2","poss_ha","annee.y","ID"
10,1989,"PR",0,1255,0,1989,"PR_10"
10,1989,"PU",5451550,265070,0.205664541441883,1989,"PU_10"
10,1990,"PR",0,1255,0,1990,"PR_10"
10,1990,"PU",5451550,265070,0.205664541441883,1990,"PU_10"
10,1991,"PR",0,1255,0,1991,"PR_10"
10,1991,"PU",5462600,265070,0.206081412457087,1991,"PU_10"
10,1992,"PR",0,1255,0,1992,"PR_10"
10,1992,"PU",5462600,82813,0.659630734305,1992,"PU_10"
10,1993,"PR",0,929,0,1993,"PR_10"
10,1993,"PU",5261664,82756,0.635804533810237,1993,"PU_10"
10,1994,"PR",0,929,0,1994,"PR_10"
10,1994,"PU",5261664,82756,0.635804533810237,1994,"PU_10"
10,1995,"PR",64428,929,0.693519913885899,1995,"PR_10"
10,1995,"PU",5668413,82756,0.684954927739378,1995,"PU_10"
10,1996,"PR",64428,929,0.693519913885899,1996,"PR_10"
10,1996,"PU",5668413,82756,0.684954927739378,1996,"PU_10"
10,1997,"PR",64428,929,0.693519913885899,1997,"PR_10"
10,1997,"PU",5668413,82756,0.684954927739378,1997,"PU_10"
10,1998,"PR",64428,929,0.693519913885899,1998,"PR_10"
10,1998,"PU",5668413,82756,0.684954927739378,1998,"PU_10"
10,1999,"PR",57500,929,0.618945102260495,1999,"PR_10"
10,1999,"PU",5820300,82839,0.702603846014558,1999,"PU_10"
10,2000,"PR",23700,929,0.255113024757804,2000,"PR_10"
10,2000,"PU",5931863,82760,0.716754833252779,2000,"PU_10"
10,2001,"PR",0,929,0,2001,"PR_10"
10,2001,"PU",5899221,82760,0.712810657322378,2001,"PU_10"
10,2002,"PR",0,929,0,2002,"PR_10"
10,2002,"PU",5915062,82760,0.714724746254229,2002,"PU_10"
10,2003,"PR",0,837,0,2003,"PR_10"
10,2003,"PU",5915062,56931,1.03898789763046,2003,"PU_10"
10,2004,"PR",0,837,0,2004,"PR_10"
10,2004,"PU",5915062,56931,1.03898789763046,2004,"PU_10"
10,2005,"PR",0,837,0,2005,"PR_10"
10,2005,"PU",5915062,56931,1.03898789763046,2005,"PU_10"
10,2006,"PR",0,837,0,2006,"PR_10"
10,2006,"PU",4671724,56931,0.820594052449456,2006,"PU_10"
10,2007,"PR",0,837,0,2007,"PR_10"
10,2007,"PU",4671724,56931,0.820594052449456,2007,"PU_10"
10,2008,"PR",0,837,0,2008,"PR_10"
10,2008,"PU",4671724,56931,0.820594052449456,2008,"PU_10"
10,2009,"PR",0,837,0,2009,"PR_10"
10,2009,"PU",4146752,56931,0.728382076548805,2009,"PU_10"
10,2010,"PR",0,837,0,2010,"PR_10"
10,2010,"PU",3787200,56931,0.665226326605891,2010,"PU_10"
10,2011,"PR",0,837,0,2011,"PR_10"
10,2011,"PU",3787200,56931,0.665226326605891,2011,"PU_10"
10,2012,"PR",0,836,0,2012,"PR_10"
10,2012,"PU",3787200,56931,0.665226326605891,2012,"PU_10"
10,2013,"PR",0,836,0,2013,"PR_10"
10,2013,"PU",3787200,56931,0.665226326605891,2013,"PU_10"
10,2014,"PR",0,836,0,2014,"PR_10"
10,2014,"PU",4029100,56931,0.707716358398763,2014,"PU_10"
1,1988,"PR",2148000,10420,2.06142034548944,1988,"PR_1"
1,1988,"PU",3210000,24578,1.30604605744975,1988,"PU_1"
1,1989,"PR",2140000,10842,1.97380557092787,1989,"PR_1"
1,1989,"PU",4032000,24159,1.66894325096237,1989,"PU_1"
1,1990,"PR",2140000,10842,1.97380557092787,1990,"PR_1"
1,1990,"PU",4032000,24159,1.66894325096237,1990,"PU_1"
1,1991,"PR",2375800,10842,2.19129311935067,1991,"PR_1"
1,1991,"PU",2055150,24159,0.850676766422451,1991,"PU_1"
1,1992,"PR",2375800,10842,2.19129311935067,1992,"PR_1"
1,1992,"PU",2055150,23448,0.876471340839304,1992,"PU_1"
1,1993,"PR",2375800,10739,2.21231027097495,1993,"PR_1"
1,1993,"PU",4108000,23855,1.72207084468665,1993,"PU_1"
1,1994,"PR",2438800,10333,2.36020516790864,1994,"PR_1"
1,1994,"PU",4108020,23855,1.72207922867323,1994,"PU_1"
1,1995,"PR",2224452,10333,2.1527649279009,1995,"PR_1"
1,1995,"PU",3830623,23855,1.60579459232865,1995,"PU_1"
1,1996,"PR",2224452,10333,2.1527649279009,1996,"PR_1"
1,1996,"PU",3830623,23855,1.60579459232865,1996,"PU_1"
1,1997,"PR",2224452,10333,2.1527649279009,1997,"PR_1"
1,1997,"PU",3830623,23855,1.60579459232865,1997,"PU_1"
1,1998,"PR",2224452,10333,2.1527649279009,1998,"PR_1"
1,1998,"PU",3830623,23855,1.60579459232865,1998,"PU_1"
1,1999,"PR",2214900,10334,2.14331333462357,1999,"PR_1"
1,1999,"PU",3831600,23900,1.60317991631799,1999,"PU_1"
1,2000,"PR",2530700,10635,2.37959567465914,2000,"PR_1"
1,2000,"PU",3834600,24404,1.57129978692018,2000,"PU_1"
1,2001,"PR",2457700,10635,2.31095439586272,2001,"PR_1"
1,2001,"PU",3162920,24404,1.29606621865268,2001,"PU_1"
1,2002,"PR",2084900,10635,1.96041372825576,2002,"PR_1"
1,2002,"PU",3162922,24404,1.29606703819046,2002,"PU_1"
1,2003,"PR",2084900,10645,1.95857209957727,2003,"PR_1"
1,2003,"PU",3162922,24094,1.31274259151656,2003,"PU_1"
1,2004,"PR",2084900,10645,1.95857209957727,2004,"PR_1"
1,2004,"PU",3162922,24094,1.31274259151656,2004,"PU_1"
1,2005,"PR",2084900,10645,1.95857209957727,2005,"PR_1"
1,2005,"PU",3162922,24094,1.31274259151656,2005,"PU_1"
1,2006,"PR",2084950,10645,1.95861906998591,2006,"PR_1"
1,2006,"PU",2636447,24094,1.09423383414958,2006,"PU_1"
1,2007,"PR",2084950,10645,1.95861906998591,2007,"PR_1"
1,2007,"PU",2636447,24094,1.09423383414958,2007,"PU_1"
1,2008,"PR",2084950,10645,1.95861906998591,2008,"PR_1"
1,2008,"PU",2636447,24094,1.09423383414958,2008,"PU_1"
1,2009,"PR",2084950,10645,1.95861906998591,2009,"PR_1"
1,2009,"PU",2461300,24094,1.02154063252262,2009,"PU_1"
1,2010,"PR",2631250,10645,2.47181775481447,2010,"PR_1"
1,2010,"PU",2210700,24094,0.917531335602225,2010,"PU_1"
1,2011,"PR",2631250,10645,2.47181775481447,2011,"PR_1"
1,2011,"PU",2210700,24094,0.917531335602225,2011,"PU_1"
1,2012,"PR",2631250,10647,2.47135343289189,2012,"PR_1"
1,2012,"PU",2210700,24094,0.917531335602225,2012,"PU_1"
1,2013,"PR",2631250,10647,2.47135343289189,2013,"PR_1"
1,2013,"PU",2210700,24094,0.917531335602225,2013,"PU_1"
1,2014,"PR",2625978,10647,2.46640180332488,2014,"PR_1"
1,2014,"PU",2351900,24094,0.9761351373786,2014,"PU_1"
2,1988,"PR",808000,3333,2.42424242424242,1988,"PR_2"
2,1988,"PU",8256000,125374,0.658509738861327,1988,"PU_2"
2,1989,"PR",808000,3866,2.09001551991723,1989,"PR_2"
2,1989,"PU",8347325,80655,1.03494203707148,1989,"PU_2"
2,1990,"PR",808000,3866,2.09001551991723,1990,"PR_2"
2,1990,"PU",8347325,80655,1.03494203707148,1990,"PU_2"
2,1991,"PR",814600,3866,2.10708742886705,1991,"PR_2"
2,1991,"PU",8023900,80655,0.994842229248032,1991,"PU_2"
2,1992,"PR",814600,3866,2.10708742886705,1992,"PR_2"
2,1992,"PU",8023900,80014,1.00281200789862,1992,"PU_2"
2,1993,"PR",814600,3806,2.14030478192328,1993,"PR_2"
2,1993,"PU",8039620,75777,1.06095781041741,1993,"PU_2"
2,1994,"PR",814600,3806,2.14030478192328,1994,"PR_2"
2,1994,"PU",8039620,75777,1.06095781041741,1994,"PU_2"
2,1995,"PR",593168,3806,1.55850761954808,1995,"PR_2"
2,1995,"PU",8351420,75777,1.10210486031382,1995,"PU_2"
2,1996,"PR",593168,3806,1.55850761954808,1996,"PR_2"
2,1996,"PU",8351420,75777,1.10210486031382,1996,"PU_2"
2,1997,"PR",593168,3806,1.55850761954808,1997,"PR_2"
2,1997,"PU",8351420,75777,1.10210486031382,1997,"PU_2"
2,1998,"PR",593168,3806,1.55850761954808,1998,"PR_2"
2,1998,"PU",8351420,75777,1.10210486031382,1998,"PU_2"
2,1999,"PR",656300,3803,1.72574283460426,1999,"PR_2"
2,1999,"PU",8640900,75867,1.13895369528253,1999,"PU_2"
2,2000,"PR",606100,3805,1.59290407358738,2000,"PR_2"
2,2000,"PU",9069918,75778,1.19690649001029,2000,"PU_2"
2,2001,"PR",528700,3805,1.38948751642576,2001,"PR_2"
2,2001,"PU",8978319,75778,1.18481868088363,2001,"PU_2"
2,2002,"PR",580800,3805,1.52641261498029,2002,"PR_2"
2,2002,"PU",9085014,75778,1.19889862493072,2002,"PU_2"
2,2003,"PR",580800,4109,1.41348259917255,2003,"PR_2"
2,2003,"PU",9085014,70880,1.28174576749436,2003,"PU_2"
2,2004,"PR",580800,4109,1.41348259917255,2004,"PR_2"
2,2004,"PU",9085014,70880,1.28174576749436,2004,"PU_2"
2,2005,"PR",580800,4109,1.41348259917255,2005,"PR_2"
2,2005,"PU",9085014,70880,1.28174576749436,2005,"PU_2"
2,2006,"PR",580800,4109,1.41348259917255,2006,"PR_2"
2,2006,"PU",7497145,70880,1.05772361738149,2006,"PU_2"
2,2007,"PR",580800,4109,1.41348259917255,2007,"PR_2"
2,2007,"PU",7497145,70880,1.05772361738149,2007,"PU_2"
2,2008,"PR",580800,4109,1.41348259917255,2008,"PR_2"
2,2008,"PU",7497145,70880,1.05772361738149,2008,"PU_2"
2,2009,"PR",580800,4109,1.41348259917255,2009,"PR_2"
2,2009,"PU",7573092,70880,1.06843848758465,2009,"PU_2"
2,2010,"PR",580800,4109,1.41348259917255,2010,"PR_2"
2,2010,"PU",6583800,70880,0.928865688487585,2010,"PU_2"
2,2011,"PR",580800,4109,1.41348259917255,2011,"PR_2"
2,2011,"PU",6583800,70880,0.928865688487585,2011,"PU_2"
2,2012,"PR",580800,4109,1.41348259917255,2012,"PR_2"
2,2012,"PU",6583800,70891,0.928721558448886,2012,"PU_2"
2,2013,"PR",580800,4109,1.41348259917255,2013,"PR_2"
2,2013,"PU",6583800,70891,0.928721558448886,2013,"PU_2"
2,2014,"PR",737071,4109,1.79379654417133,2014,"PR_2"
2,2014,"PU",7003900,70891,0.987981549138819,2014,"PU_2"
3,1988,"PR",2776000,12984,2.13801601971657,1988,"PR_3"
3,1988,"PU",1054000,11231,0.938473866975336,1988,"PU_3"
3,1989,"PR",2738000,14211,1.92667651819013,1989,"PR_3"
3,1989,"PU",1488365,12405,1.19981056025796,1989,"PU_3"
3,1990,"PR",2738000,14211,1.92667651819013,1990,"PR_3"
3,1990,"PU",1488365,12405,1.19981056025796,1990,"PU_3"
3,1991,"PR",3063200,14211,2.15551333474069,1991,"PR_3"
3,1991,"PU",1484800,12405,1.19693671906489,1991,"PU_3"
3,1992,"PR",3063200,14211,2.15551333474069,1992,"PR_3"
3,1992,"PU",1484800,12053,1.23189247490251,1992,"PU_3"
3,1993,"PR",3063200,14107,2.17140426738499,1993,"PR_3"
3,1993,"PU",1475915,12053,1.2245208661744,1993,"PU_3"
3,1994,"PR",3814100,14107,2.70369320195648,1994,"PR_3"
3,1994,"PU",1475915,12053,1.2245208661744,1994,"PU_3"
3,1995,"PR",3039711,14107,2.15475366839158,1995,"PR_3"
3,1995,"PU",1461249,12053,1.21235294117647,1995,"PU_3"
3,1996,"PR",3039711,14104,2.15521199659671,1996,"PR_3"
3,1996,"PU",1461249,12056,1.21205126078301,1996,"PU_3"
3,1997,"PR",3039711,14104,2.15521199659671,1997,"PR_3"
3,1997,"PU",1461249,12056,1.21205126078301,1997,"PU_3"
3,1998,"PR",3039711,14104,2.15521199659671,1998,"PR_3"
3,1998,"PU",1461249,12056,1.21205126078301,1998,"PU_3"
3,1999,"PR",2940000,14106,2.08421948107188,1999,"PR_3"
3,1999,"PU",1460400,12096,1.20734126984127,1999,"PU_3"
3,2000,"PR",3065200,14307,2.14244775284826,2000,"PR_3"
3,2000,"PU",1468119,12119,1.21141925901477,2000,"PU_3"
3,2001,"PR",2970900,14307,2.07653596141749,2001,"PR_3"
3,2001,"PU",1499290,12119,1.23714002805512,2001,"PU_3"
3,2002,"PR",2922800,14307,2.04291605507793,2002,"PR_3"
3,2002,"PU",1489262,12119,1.22886541793877,2002,"PU_3"
3,2003,"PR",2922800,14222,2.05512586134158,2003,"PR_3"
3,2003,"PU",1489262,12355,1.20539214892756,2003,"PU_3"
3,2004,"PR",2922800,14222,2.05512586134158,2004,"PR_3"
3,2004,"PU",1489262,12355,1.20539214892756,2004,"PU_3"
3,2005,"PR",2922800,14222,2.05512586134158,2005,"PR_3"
3,2005,"PU",1489262,12355,1.20539214892756,2005,"PU_3"
3,2006,"PR",2922800,14222,2.05512586134158,2006,"PR_3"
3,2006,"PU",1261779,12355,1.02126993120194,2006,"PU_3"
3,2007,"PR",2922800,14222,2.05512586134158,2007,"PR_3"
3,2007,"PU",1261779,12355,1.02126993120194,2007,"PU_3"
3,2008,"PR",2922800,14222,2.05512586134158,2008,"PR_3"
3,2008,"PU",1261779,12355,1.02126993120194,2008,"PU_3"
3,2009,"PR",2922800,14222,2.05512586134158,2009,"PR_3"
3,2009,"PU",1183524,12355,0.957931201942533,2009,"PU_3"
3,2010,"PR",2922800,14222,2.05512586134158,2010,"PR_3"
3,2010,"PU",762000,12355,0.616754350465399,2010,"PU_3"
3,2011,"PR",2922800,14222,2.05512586134158,2011,"PR_3"
3,2011,"PU",762000,12355,0.616754350465399,2011,"PU_3"
3,2012,"PR",2922800,14222,2.05512586134158,2012,"PR_3"
3,2012,"PU",762000,12355,0.616754350465399,2012,"PU_3"
3,2013,"PR",2922800,14222,2.05512586134158,2013,"PR_3"
3,2013,"PU",762000,12355,0.616754350465399,2013,"PU_3"
3,2014,"PR",3405910,14222,2.3948178877795,2014,"PR_3"
3,2014,"PU",837700,12355,0.678025091056253,2014,"PU_3"
4,1988,"PR",1010000,7810,1.2932138284251,1988,"PR_4"
4,1988,"PU",4041000,30837,1.31043875863411,1988,"PU_4"
4,1989,"PR",1055000,8429,1.25163127298612,1989,"PR_4"
4,1989,"PU",3825860,26359,1.45144352972419,1989,"PU_4"
4,1990,"PR",1055000,8429,1.25163127298612,1990,"PR_4"
4,1990,"PU",3825860,26359,1.45144352972419,1990,"PU_4"
4,1991,"PR",1467100,8429,1.74053861668051,1991,"PR_4"
4,1991,"PU",3823600,26359,1.45058613756212,1991,"PU_4"
4,1992,"PR",1467100,8429,1.74053861668051,1992,"PR_4"
4,1992,"PU",3823600,26186,1.46016955625143,1992,"PU_4"
4,1993,"PR",1467100,8462,1.73375088631529,1993,"PR_4"
4,1993,"PU",3830344,26186,1.46274497823264,1993,"PU_4"
4,1994,"PR",1467100,8462,1.73375088631529,1994,"PR_4"
4,1994,"PU",3830344,26186,1.46274497823264,1994,"PU_4"
4,1995,"PR",1289903,8462,1.52434767194517,1995,"PR_4"
4,1995,"PU",3808470,26186,1.45439165966547,1995,"PU_4"
4,1996,"PR",1289903,8462,1.52434767194517,1996,"PR_4"
4,1996,"PU",3808470,26186,1.45439165966547,1996,"PU_4"
4,1997,"PR",1289903,8462,1.52434767194517,1997,"PR_4"
4,1997,"PU",3808470,26186,1.45439165966547,1997,"PU_4"
4,1998,"PR",1289903,8462,1.52434767194517,1998,"PR_4"
4,1998,"PU",3808470,26186,1.45439165966547,1998,"PU_4"
4,1999,"PR",1323700,8467,1.56336364710051,1999,"PR_4"
4,1999,"PU",4132700,26191,1.57790844183116,1999,"PU_4"
4,2000,"PR",1373500,8684,1.58164440350069,2000,"PR_4"
4,2000,"PU",4092957,26181,1.56333104159505,2000,"PU_4"
4,2001,"PR",1263000,8684,1.45439889451866,2001,"PR_4"
4,2001,"PU",4202533,26181,1.60518429395363,2001,"PU_4"
4,2002,"PR",1226500,8684,1.41236757254721,2002,"PR_4"
4,2002,"PU",4175251,26181,1.59476375997861,2002,"PU_4"
4,2003,"PR",1226500,8740,1.4033180778032,2003,"PR_4"
4,2003,"PU",4175251,26108,1.59922284357285,2003,"PU_4"
4,2004,"PR",1226500,8740,1.4033180778032,2004,"PR_4"
4,2004,"PU",4175251,26108,1.59922284357285,2004,"PU_4"
4,2005,"PR",1226500,8740,1.4033180778032,2005,"PR_4"
4,2005,"PU",4175251,26108,1.59922284357285,2005,"PU_4"
4,2006,"PR",1756500,8740,2.00972540045767,2006,"PR_4"
4,2006,"PU",3567016,26108,1.36625402175578,2006,"PU_4"
4,2007,"PR",1756500,8740,2.00972540045767,2007,"PR_4"
4,2007,"PU",3567016,26108,1.36625402175578,2007,"PU_4"
4,2008,"PR",1756500,8740,2.00972540045767,2008,"PR_4"
4,2008,"PU",3567016,26108,1.36625402175578,2008,"PU_4"
4,2009,"PR",1226500,8740,1.4033180778032,2009,"PR_4"
4,2009,"PU",3811119,26108,1.45975141719013,2009,"PU_4"
4,2010,"PR",1226500,8740,1.4033180778032,2010,"PR_4"
4,2010,"PU",3913800,26108,1.49908074153516,2010,"PU_4"
4,2011,"PR",1226500,8740,1.4033180778032,2011,"PR_4"
4,2011,"PU",3913800,26108,1.49908074153516,2011,"PU_4"
4,2012,"PR",1226500,8739,1.40347865888546,2012,"PR_4"
4,2012,"PU",3913800,26108,1.49908074153516,2012,"PU_4"
4,2013,"PR",1226500,8739,1.40347865888546,2013,"PR_4"
4,2013,"PU",3913800,26108,1.49908074153516,2013,"PU_4"
4,2014,"PR",2108784,8739,2.41307243391692,2014,"PR_4"
4,2014,"PU",4163500,26108,1.59472192431439,2014,"PU_4"
5,1988,"PR",1276000,7482,1.70542635658915,1988,"PR_5"
5,1988,"PU",51000,566,0.901060070671378,1988,"PU_5"
5,1989,"PR",1274900,6947,1.8351806535195,1989,"PR_5"
5,1989,"PU",70100,706,0.992917847025496,1989,"PU_5"
5,1990,"PR",1274900,6947,1.8351806535195,1990,"PR_5"
5,1990,"PU",70100,706,0.992917847025496,1990,"PU_5"
5,1991,"PR",1585000,6947,2.28156038577803,1991,"PR_5"
5,1991,"PU",66800,706,0.946175637393768,1991,"PU_5"
5,1992,"PR",1585000,6947,2.28156038577803,1992,"PR_5"
5,1992,"PU",66800,698,0.95702005730659,1992,"PU_5"
5,1993,"PR",1585000,7038,2.25206024438761,1993,"PR_5"
5,1993,"PU",68960,698,0.987965616045845,1993,"PU_5"
5,1994,"PR",1585000,7038,2.25206024438761,1994,"PR_5"
5,1994,"PU",68960,698,0.987965616045845,1994,"PU_5"
5,1995,"PR",1583035,7038,2.24926825802785,1995,"PR_5"
5,1995,"PU",68960,698,0.987965616045845,1995,"PU_5"
5,1996,"PR",1583035,7038,2.24926825802785,1996,"PR_5"
5,1996,"PU",68960,698,0.987965616045845,1996,"PU_5"
5,1997,"PR",1583035,7038,2.24926825802785,1997,"PR_5"
5,1997,"PU",68960,698,0.987965616045845,1997,"PU_5"
5,1998,"PR",1583035,7038,2.24926825802785,1998,"PR_5"
5,1998,"PU",68960,698,0.987965616045845,1998,"PU_5"
5,1999,"PR",1444700,7038,2.05271383915885,1999,"PR_5"
5,1999,"PU",82100,698,1.17621776504298,1999,"PU_5"
5,2000,"PR",1444700,6974,2.07155147691425,2000,"PR_5"
5,2000,"PU",82110,678,1.21106194690265,2000,"PU_5"
5,2001,"PR",1717000,6974,2.4620017206768,2001,"PR_5"
5,2001,"PU",82110,678,1.21106194690265,2001,"PU_5"
5,2002,"PR",1308800,6974,1.87668482936622,2002,"PR_5"
5,2002,"PU",83758,678,1.23536873156342,2002,"PU_5"
5,2003,"PR",1308800,6988,1.87292501431025,2003,"PR_5"
5,2003,"PU",83758,680,1.23173529411765,2003,"PU_5"
5,2004,"PR",1308800,6988,1.87292501431025,2004,"PR_5"
5,2004,"PU",83758,680,1.23173529411765,2004,"PU_5"
5,2005,"PR",1308800,6988,1.87292501431025,2005,"PR_5"
5,2005,"PU",83758,680,1.23173529411765,2005,"PU_5"
5,2006,"PR",1308800,6988,1.87292501431025,2006,"PR_5"
5,2006,"PU",74737,680,1.09907352941176,2006,"PU_5"
5,2007,"PR",1308800,6988,1.87292501431025,2007,"PR_5"
5,2007,"PU",74737,680,1.09907352941176,2007,"PU_5"
5,2008,"PR",1308800,6988,1.87292501431025,2008,"PR_5"
5,2008,"PU",74737,680,1.09907352941176,2008,"PU_5"
5,2009,"PR",1308800,6988,1.87292501431025,2009,"PR_5"
5,2009,"PU",67963,680,0.999455882352941,2009,"PU_5"
5,2010,"PR",1308800,6988,1.87292501431025,2010,"PR_5"
5,2010,"PU",64300,680,0.945588235294118,2010,"PU_5"
5,2011,"PR",1308800,6988,1.87292501431025,2011,"PR_5"
5,2011,"PU",64300,680,0.945588235294118,2011,"PU_5"
5,2012,"PR",1308800,6988,1.87292501431025,2012,"PR_5"
5,2012,"PU",64300,680,0.945588235294118,2012,"PU_5"
5,2013,"PR",1308800,6988,1.87292501431025,2013,"PR_5"
5,2013,"PU",64300,680,0.945588235294118,2013,"PU_5"
5,2014,"PR",2052340,6988,2.93694905552376,2014,"PR_5"
5,2014,"PU",67400,680,0.991176470588235,2014,"PU_5"
6,1988,"PR",2447000,6927,3.53255377508301,1988,"PR_6"
6,1988,"PU",911000,8257,1.10330628557588,1988,"PU_6"
6,1989,"PR",2343205,10940,2.14186928702011,1989,"PR_6"
6,1989,"PU",2939025,20979,1.40093665093665,1989,"PU_6"
6,1990,"PR",2343205,10940,2.14186928702011,1990,"PR_6"
6,1990,"PU",2939025,20979,1.40093665093665,1990,"PU_6"
6,1991,"PR",2051400,10940,1.87513711151737,1991,"PR_6"
6,1991,"PU",2961200,20979,1.41150674484008,1991,"PU_6"
6,1992,"PR",2051400,10940,1.87513711151737,1992,"PR_6"
6,1992,"PU",2961200,20709,1.42990970109614,1992,"PU_6"
6,1993,"PR",2051400,10954,1.87274055139675,1993,"PR_6"
6,1993,"PU",2937471,20719,1.4177667841112,1993,"PU_6"
6,1994,"PR",3063800,10954,2.7969691436918,1994,"PR_6"
6,1994,"PU",2958271,20719,1.4278058786621,1994,"PU_6"
6,1995,"PR",2106282,10954,1.92284279715173,1995,"PR_6"
6,1995,"PU",2953916,20719,1.4257039432405,1995,"PU_6"
6,1996,"PR",2106282,10931,1.92688866526393,1996,"PR_6"
6,1996,"PU",2953916,20743,1.42405437979077,1996,"PU_6"
6,1997,"PR",2106282,10931,1.92688866526393,1997,"PR_6"
6,1997,"PU",2953916,20743,1.42405437979077,1997,"PU_6"
6,1998,"PR",2106282,10931,1.92688866526393,1998,"PR_6"
6,1998,"PU",2953916,20743,1.42405437979077,1998,"PU_6"
6,1999,"PR",1699400,10931,1.55466105571311,1999,"PR_6"
6,1999,"PU",2912300,20765,1.40250421382133,1999,"PU_6"
6,2000,"PR",2254400,10662,2.11442506096417,2000,"PR_6"
6,2000,"PU",2899833,20743,1.3979814877308,2000,"PU_6"
6,2001,"PR",1680800,10662,1.57643969236541,2001,"PR_6"
6,2001,"PU",2974314,20743,1.43388805862219,2001,"PU_6"
6,2002,"PR",1582500,10662,1.48424310635903,2002,"PR_6"
6,2002,"PU",2974314,20743,1.43388805862219,2002,"PU_6"
6,2003,"PR",1582500,10496,1.50771722560976,2003,"PR_6"
6,2003,"PU",2974314,20901,1.42304865795895,2003,"PU_6"
6,2004,"PR",1582500,10496,1.50771722560976,2004,"PR_6"
6,2004,"PU",2974314,20901,1.42304865795895,2004,"PU_6"
6,2005,"PR",1582500,10496,1.50771722560976,2005,"PR_6"
6,2005,"PU",2974314,20901,1.42304865795895,2005,"PU_6"
6,2006,"PR",1582500,10496,1.50771722560976,2006,"PR_6"
6,2006,"PU",2647618,20901,1.26674226113583,2006,"PU_6"
6,2007,"PR",1582500,10496,1.50771722560976,2007,"PR_6"
6,2007,"PU",2647618,20901,1.26674226113583,2007,"PU_6"
6,2008,"PR",1582500,10496,1.50771722560976,2008,"PR_6"
6,2008,"PU",2647618,20901,1.26674226113583,2008,"PU_6"
6,2009,"PR",1582500,10496,1.50771722560976,2009,"PR_6"
6,2009,"PU",2562116,20901,1.22583417061385,2009,"PU_6"
6,2010,"PR",1582500,10496,1.50771722560976,2010,"PR_6"
6,2010,"PU",2149500,20901,1.02841969283766,2010,"PU_6"
6,2011,"PR",1582500,10496,1.50771722560976,2011,"PR_6"
6,2011,"PU",2149500,20901,1.02841969283766,2011,"PU_6"
6,2012,"PR",1582500,10496,1.50771722560976,2012,"PR_6"
6,2012,"PU",2149500,20901,1.02841969283766,2012,"PU_6"
6,2013,"PR",1582500,10496,1.50771722560976,2013,"PR_6"
6,2013,"PU",2149500,20901,1.02841969283766,2013,"PU_6"
6,2014,"PR",2359080,10496,2.24759908536585,2014,"PR_6"
6,2014,"PU",2286700,20901,1.09406248504856,2014,"PU_6"
7,1988,"PR",1225000,7287,1.68107588856868,1988,"PR_7"
7,1988,"PU",4553000,39249,1.16002955489312,1988,"PU_7"
7,1989,"PR",1225000,5409,2.26474394527639,1989,"PR_7"
7,1989,"PU",3901615,21762,1.79285681463101,1989,"PU_7"
7,1990,"PR",1225000,5409,2.26474394527639,1990,"PR_7"
7,1990,"PU",3901615,21762,1.79285681463101,1990,"PU_7"
7,1991,"PR",1225000,5409,2.26474394527639,1991,"PR_7"
7,1991,"PU",3791900,21762,1.74244095211837,1991,"PU_7"
7,1992,"PR",1225000,5409,2.26474394527639,1992,"PR_7"
7,1992,"PU",3791900,21764,1.74228083072965,1992,"PU_7"
7,1993,"PR",1225000,5405,2.26641998149861,1993,"PR_7"
7,1993,"PU",3750003,21764,1.72303023341298,1993,"PU_7"
7,1994,"PR",1225000,5405,2.26641998149861,1994,"PR_7"
7,1994,"PU",3736855,21764,1.7169890645102,1994,"PU_7"
7,1995,"PR",1256192,5405,2.32412950971323,1995,"PR_7"
7,1995,"PU",3736855,21764,1.7169890645102,1995,"PU_7"
7,1996,"PR",1256192,5405,2.32412950971323,1996,"PR_7"
7,1996,"PU",3736855,21764,1.7169890645102,1996,"PU_7"
7,1997,"PR",1256192,5405,2.32412950971323,1997,"PR_7"
7,1997,"PU",3736855,21764,1.7169890645102,1997,"PU_7"
7,1998,"PR",1256192,5405,2.32412950971323,1998,"PR_7"
7,1998,"PU",3736855,21764,1.7169890645102,1998,"PU_7"
7,1999,"PR",1156100,5405,2.13894542090657,1999,"PR_7"
7,1999,"PU",3725200,21955,1.69674333864723,1999,"PU_7"
7,2000,"PR",1157200,5246,2.20587113991613,2000,"PR_7"
7,2000,"PU",3725254,21978,1.69499226499227,2000,"PU_7"
7,2001,"PR",1219700,5246,2.32500953107129,2001,"PR_7"
7,2001,"PU",3436569,21978,1.56364045864046,2001,"PU_7"
7,2002,"PR",1219700,5246,2.32500953107129,2002,"PR_7"
7,2002,"PU",3436669,21968,1.56439776037873,2002,"PU_7"
7,2003,"PR",1219700,5243,2.32633988174709,2003,"PR_7"
7,2003,"PU",3436669,21996,1.56240634660847,2003,"PU_7"
7,2004,"PR",1219700,5243,2.32633988174709,2004,"PR_7"
7,2004,"PU",3436669,21996,1.56240634660847,2004,"PU_7"
7,2005,"PR",1219700,5243,2.32633988174709,2005,"PR_7"
7,2005,"PU",3436669,21996,1.56240634660847,2005,"PU_7"
7,2006,"PR",1219700,5243,2.32633988174709,2006,"PR_7"
7,2006,"PU",3142509,21996,1.42867294053464,2006,"PU_7"
7,2007,"PR",1219700,5243,2.32633988174709,2007,"PR_7"
7,2007,"PU",3142509,21996,1.42867294053464,2007,"PU_7"
7,2008,"PR",1219700,5243,2.32633988174709,2008,"PR_7"
7,2008,"PU",3142509,21996,1.42867294053464,2008,"PU_7"
7,2009,"PR",1219700,5243,2.32633988174709,2009,"PR_7"
7,2009,"PU",2285964,21996,1.03926350245499,2009,"PU_7"
7,2010,"PR",1219700,5243,2.32633988174709,2010,"PR_7"
7,2010,"PU",2467200,21996,1.12165848336061,2010,"PU_7"
7,2011,"PR",1219700,5243,2.32633988174709,2011,"PR_7"
7,2011,"PU",2467200,21996,1.12165848336061,2011,"PU_7"
7,2012,"PR",1219700,5244,2.32589626239512,2012,"PR_7"
7,2012,"PU",2467200,21996,1.12165848336061,2012,"PU_7"
7,2013,"PR",1219700,5244,2.32589626239512,2013,"PR_7"
7,2013,"PU",2467200,21996,1.12165848336061,2013,"PU_7"
7,2014,"PR",1655996,5244,3.15788710907704,2014,"PR_7"
7,2014,"PU",2596100,21996,1.18026004728132,2014,"PU_7"
8,1988,"PR",736000,6247,1.17816551944934,1988,"PR_8"
8,1988,"PU",8158000,84811,0.961903526665173,1988,"PU_8"
8,1989,"PR",735000,3704,1.98434125269978,1989,"PR_8"
8,1989,"PU",5832260,44370,1.31446022086996,1989,"PU_8"
8,1990,"PR",735000,3704,1.98434125269978,1990,"PR_8"
8,1990,"PU",5832260,44370,1.31446022086996,1990,"PU_8"
8,1991,"PR",743600,3704,2.00755939524838,1991,"PR_8"
8,1991,"PU",5942400,44370,1.33928329952671,1991,"PU_8"
8,1992,"PR",743600,3704,2.00755939524838,1992,"PR_8"
8,1992,"PU",5942400,44322,1.34073372140246,1992,"PU_8"
8,1993,"PR",743600,3703,2.00810153929247,1993,"PR_8"
8,1993,"PU",6053773,44322,1.36586187446415,1993,"PU_8"
8,1994,"PR",743600,3703,2.00810153929247,1994,"PR_8"
8,1994,"PU",6052321,44322,1.36553427191914,1994,"PU_8"
8,1995,"PR",393090,3703,1.06154469349176,1995,"PR_8"
8,1995,"PU",6343786,44322,1.4312950679121,1995,"PU_8"
8,1996,"PR",393090,3704,1.06125809935205,1996,"PR_8"
8,1996,"PU",6343786,44320,1.43135965703971,1996,"PU_8"
8,1997,"PR",393090,3704,1.06125809935205,1997,"PR_8"
8,1997,"PU",6343786,44320,1.43135965703971,1997,"PU_8"
8,1998,"PR",393090,3704,1.06125809935205,1998,"PR_8"
8,1998,"PU",6343786,44320,1.43135965703971,1998,"PU_8"
8,1999,"PR",388600,3704,1.04913606911447,1999,"PR_8"
8,1999,"PU",6143200,44172,1.39074526849588,1999,"PU_8"
8,2000,"PR",391900,3675,1.06639455782313,2000,"PR_8"
8,2000,"PU",6151143,44878,1.37063661482241,2000,"PU_8"
8,2001,"PR",823400,3675,2.24054421768707,2001,"PR_8"
8,2001,"PU",6167495,44878,1.37428027095682,2001,"PU_8"
8,2002,"PR",844600,3675,2.29823129251701,2002,"PR_8"
8,2002,"PU",5991584,44878,1.33508266856812,2002,"PU_8"
8,2003,"PR",844600,3666,2.30387343153301,2003,"PR_8"
8,2003,"PU",5991584,44929,1.33356718377885,2003,"PU_8"
8,2004,"PR",844600,3666,2.30387343153301,2004,"PR_8"
8,2004,"PU",5991584,44929,1.33356718377885,2004,"PU_8"
8,2005,"PR",844600,3666,2.30387343153301,2005,"PR_8"
8,2005,"PU",5991584,44929,1.33356718377885,2005,"PU_8"
8,2006,"PR",844600,3666,2.30387343153301,2006,"PR_8"
8,2006,"PU",5143430,44929,1.14479066972334,2006,"PU_8"
8,2007,"PR",844600,3666,2.30387343153301,2007,"PR_8"
8,2007,"PU",5143430,44929,1.14479066972334,2007,"PU_8"
8,2008,"PR",844600,3666,2.30387343153301,2008,"PR_8"
8,2008,"PU",5143430,44929,1.14479066972334,2008,"PU_8"
8,2009,"PR",844600,3666,2.30387343153301,2009,"PR_8"
8,2009,"PU",4303638,44929,0.957875314384918,2009,"PU_8"
8,2010,"PR",844600,3666,2.30387343153301,2010,"PR_8"
8,2010,"PU",3376200,44929,0.751452291393087,2010,"PU_8"
8,2011,"PR",844600,3666,2.30387343153301,2011,"PR_8"
8,2011,"PU",3376200,44929,0.751452291393087,2011,"PU_8"
8,2012,"PR",844600,3666,2.30387343153301,2012,"PR_8"
8,2012,"PU",3376200,44929,0.751452291393087,2012,"PU_8"
8,2013,"PR",844600,3666,2.30387343153301,2013,"PR_8"
8,2013,"PU",3376200,44929,0.751452291393087,2013,"PU_8"
8,2014,"PR",712386,3666,1.94322422258592,2014,"PR_8"
8,2014,"PU",3620400,44929,0.805804714104476,2014,"PU_8"
9,1988,"PR",139000,1335,1.04119850187266,1988,"PR_9"
9,1988,"PU",4572000,156679,0.291806815208164,1988,"PU_9"
9,1989,"PR",139400,1263,1.10372129849565,1989,"PR_9"
9,1989,"PU",4501600,170983,0.263277635788353,1989,"PU_9"
9,1990,"PR",139400,1263,1.10372129849565,1990,"PR_9"
9,1990,"PU",4501600,170983,0.263277635788353,1990,"PU_9"
9,1991,"PR",193600,1263,1.53285827395091,1991,"PR_9"
9,1991,"PU",3950580,170983,0.231051040161887,1991,"PU_9"
9,1992,"PR",193600,1263,1.53285827395091,1992,"PR_9"
9,1992,"PU",3950580,146493,0.26967704941533,1992,"PU_9"
9,1993,"PR",193600,1276,1.51724137931034,1993,"PR_9"
9,1993,"PU",4158150,142455,0.291892176476782,1993,"PU_9"
9,1994,"PR",193600,1280,1.5125,1994,"PR_9"
9,1994,"PU",4158150,142455,0.291892176476782,1994,"PU_9"
9,1995,"PR",170132,1280,1.32915625,1995,"PR_9"
9,1995,"PU",4492473,142455,0.315360850794988,1995,"PU_9"
9,1996,"PR",170132,1280,1.32915625,1996,"PR_9"
9,1996,"PU",4492473,142455,0.315360850794988,1996,"PU_9"
9,1997,"PR",170132,1280,1.32915625,1997,"PR_9"
9,1997,"PU",4492473,142455,0.315360850794988,1997,"PU_9"
9,1998,"PR",170132,1280,1.32915625,1998,"PR_9"
9,1998,"PU",4492473,142455,0.315360850794988,1998,"PU_9"
9,1999,"PR",387000,1281,3.02107728337237,1999,"PR_9"
9,1999,"PU",5214500,142500,0.365929824561403,1999,"PU_9"
9,2000,"PR",387000,1280,3.0234375,2000,"PR_9"
9,2000,"PU",6481021,142455,0.454952160331333,2000,"PU_9"
9,2001,"PR",198100,1280,1.54765625,2001,"PR_9"
9,2001,"PU",5485290,142455,0.385054227650837,2001,"PU_9"
9,2002,"PR",198100,1280,1.54765625,2002,"PR_9"
9,2002,"PU",5589490,142455,0.392368818223299,2002,"PU_9"
9,2003,"PR",198100,1300,1.52384615384615,2003,"PR_9"
9,2003,"PU",5589490,78993,0.707593077867659,2003,"PU_9"
9,2004,"PR",198100,1300,1.52384615384615,2004,"PR_9"
9,2004,"PU",5589490,78993,0.707593077867659,2004,"PU_9"
9,2005,"PR",198100,1300,1.52384615384615,2005,"PR_9"
9,2005,"PU",5589490,78993,0.707593077867659,2005,"PU_9"
9,2006,"PR",198100,1300,1.52384615384615,2006,"PR_9"
9,2006,"PU",4556013,78993,0.576761611788386,2006,"PU_9"
9,2007,"PR",198100,1300,1.52384615384615,2007,"PR_9"
9,2007,"PU",4556013,78993,0.576761611788386,2007,"PU_9"
9,2008,"PR",198100,1300,1.52384615384615,2008,"PR_9"
9,2008,"PU",4556013,78993,0.576761611788386,2008,"PU_9"
9,2009,"PR",198100,1300,1.52384615384615,2009,"PR_9"
9,2009,"PU",3801032,78993,0.481185927867026,2009,"PU_9"
9,2010,"PR",198100,1300,1.52384615384615,2010,"PR_9"
9,2010,"PU",3426200,78993,0.433734634714468,2010,"PU_9"
9,2011,"PR",198100,1300,1.52384615384615,2011,"PR_9"
9,2011,"PU",3426200,78993,0.433734634714468,2011,"PU_9"
9,2012,"PR",198100,1300,1.52384615384615,2012,"PR_9"
9,2012,"PU",3426200,78993,0.433734634714468,2012,"PU_9"
9,2013,"PR",198100,1300,1.52384615384615,2013,"PR_9"
9,2013,"PU",3426200,78993,0.433734634714468,2013,"PU_9"
9,2014,"PR",198100,1300,1.52384615384615,2014,"PR_9"
9,2014,"PU",3644900,78993,0.461420632207917,2014,"PU_9"
